index,driver_id,trip_id,timestamp,elapsed_seconds,accel_x,accel_y,accel_z,speed_kmh,audio_level_db,sustained_audio_sec,motion_event_type,motion_score,audio_classification,audio_score,fusion_severity,fusion_conflict,fusion_flag_type,earnings_status,earnings_current_inr,earnings_current_velocity,earnings_target_velocity,earnings_velocity_delta,earnings_expected,earnings_dynamic_threshold,earnings_projected
0,DRV_ARJUN,TRIP_001,2024-10-25 07:05:00,0.0,-0.009606082161023304,0.03165082044918576,9.636116917298889,0.0,50.73161348976825,0.0,normal,0.0,background,0.0,safe,0.0,,on_track,6.73,80.80000000000001,250.0,-10.280555555555555,17.01388888888889,100.0,646.4000000000001
1,DRV_ARJUN,TRIP_001,2024-10-25 07:06:00,60.0,-0.06263282424476306,0.0309305644758091,9.837206304394064,0.0,51.99952061400689,0.0,normal,0.0,background,0.0,safe,0.0,,on_track,13.47,134.66666666666666,250.0,-7.033333333333333,20.5,100.0,1077.3333333333333
2,DRV_ARJUN,TRIP_001,2024-10-25 07:07:00,120.0,0.06376078692356402,0.16933881711351886,9.825789660999925,0.0,54.64446788406707,0.0,normal,0.0,background,0.0,safe,0.0,,on_track,20.2,173.14285714285714,250.0,-3.81388888888889,24.01388888888889,100.0,1385.1428571428573
3,DRV_ARJUN,TRIP_001,2024-10-25 07:08:00,180.0,-0.08289772208959564,0.0036988085539757533,10.071803597116595,35.942559270060954,51.79681024076753,0.0,normal,0.0,background,0.0,safe,0.0,,on_track,26.93,202.0,250.0,-0.6222222222222236,27.555555555555557,100.0,1616.0
4,DRV_ARJUN,TRIP_001,2024-10-25 07:09:00,240.0,-0.06067575319262725,0.0971050011250152,9.794295360471372,38.36318359362201,52.553262260082455,0.0,normal,0.0,background,0.0,safe,0.0,,on_track,33.67,224.44444444444443,250.0,2.5416666666666607,31.125000000000004,100.0,1795.5555555555554
5,DRV_ARJUN,TRIP_001,2024-10-25 07:10:00,300.0,-0.01697590345774721,-0.03606531932367527,9.736437549986102,35.36928053228067,54.7847465380461,0.0,normal,0.0,background,0.0,safe,0.0,,on_track,40.4,242.4,250.0,5.677777777777777,34.72222222222222,100.0,1939.2
6,DRV_ARJUN,TRIP_001,2024-10-25 07:11:00,360.0,0.0546145382525455,-5.5,9.688769291216438,0.0,53.249979241105706,0.0,emergency_stop,1.0,background,0.0,medium,0.55,harsh_braking,on_track,47.13,257.0909090909091,250.0,8.786111111111111,38.34722222222222,100.0,2056.727272727273
7,DRV_ARJUN,TRIP_001,2024-10-25 07:12:00,420.0,-0.0650990863083303,0.14770174375589418,9.90548325675667,0.0,54.742594082511225,0.0,normal,0.0,background,0.0,safe,0.0,,on_track,53.87,269.3333333333333,250.0,11.86666666666666,42.00000000000001,100.0,2154.6666666666665
8,DRV_ARJUN,TRIP_001,2024-10-25 07:13:00,480.0,0.028552338763652086,0.08376988460322643,9.612720162466156,33.144761406523564,52.26125382086903,0.0,normal,0.0,background,0.0,safe,0.0,,on_track,60.6,279.6923076923077,250.0,14.919444444444437,45.680555555555564,100.0,2237.5384615384614
9,DRV_ARJUN,TRIP_001,2024-10-25 07:14:00,540.0,-0.03448560986211694,0.0425425019358061,9.90580248451253,41.57628671353653,50.60613966658799,0.0,normal,0.0,background,0.0,safe,0.0,,on_track,67.33,288.57142857142856,250.0,17.944444444444436,49.38888888888889,100.0,2308.5714285714284
10,DRV_ARJUN,TRIP_001,2024-10-25 07:15:00,600.0,-0.01650631820805676,0.09982020235762916,9.884959485447851,36.538577163926306,46.57443180469218,0.0,normal,0.0,background,0.0,safe,0.0,,on_track,74.07,296.26666666666665,250.0,20.941666666666656,53.12500000000001,100.0,2370.133333333333
11,DRV_ARJUN,TRIP_001,2024-10-25 07:16:00,660.0,0.00722967311000662,-0.0529919978973487,9.93675202379898,30.136582580698466,49.78483213354366,0.0,normal,0.0,background,0.0,safe,0.0,,on_track,80.8,303.0,250.0,23.911111111111097,56.8888888888889,100.0,2424.0
12,DRV_ARJUN,TRIP_001,2024-10-25 07:17:00,720.0,0.02873182812723846,0.029608553432023503,9.827795321853666,30.99447417952966,52.85951881957014,0.0,normal,0.0,background,0.0,safe,0.0,,on_track,87.53,308.94117647058823,250.0,26.85277777777778,60.68055555555555,100.0,2471.529411764706
13,DRV_ARJUN,TRIP_001,2024-10-25 07:18:00,780.0,0.1631271027100728,-0.17443026702593453,9.562325305037287,41.40983240334947,51.78937440412957,0.0,normal,0.0,background,0.0,safe,0.0,,on_track,94.27,314.22222222222223,250.0,29.766666666666666,64.5,100.0,2513.7777777777783
14,DRV_ARJUN,TRIP_001,2024-10-25 07:19:00,840.0,-0.010659322966510428,-0.06814022343578323,9.921578196070653,39.26962022718255,48.53863251282173,0.0,normal,0.0,background,0.0,safe,0.0,,on_track,101.0,318.94736842105266,250.0,32.652777777777786,68.34722222222221,100.0,2551.5789473684213
15,DRV_ARJUN,TRIP_002,2024-10-25 07:30:00,0.0,-0.02341636183136701,-0.04723566848551961,9.662113022227206,0.0,51.585530337577495,0.0,normal,0.0,background,0.0,safe,0.0,,on_track,107.14,214.27272727272728,250.0,-5.36363636363636,112.5,100.0,1714.1818181818182
16,DRV_ARJUN,TRIP_002,2024-10-25 07:31:00,60.0,-0.051723431710536255,-0.03696106494505839,10.003729195275778,0.0,51.32488533516493,0.0,normal,0.0,background,0.0,safe,0.0,,on_track,113.27,219.23753665689148,250.0,-3.407828282828291,116.68055555555557,100.0,1753.9002932551318
17,DRV_ARJUN,TRIP_002,2024-10-25 07:32:00,120.0,-0.01485579476497105,-0.08669475153306172,9.521121696967802,0.0,56.322778283493584,0.0,normal,0.0,background,0.0,safe,0.0,,on_track,119.41,223.89204545454547,250.0,-1.4797979797979792,120.8888888888889,100.0,1791.1363636363637
18,DRV_ARJUN,TRIP_002,2024-10-25 07:33:00,180.0,0.06875128044992015,-0.06065251461944639,9.6949895720621,41.65229869939317,53.61047356126193,0.0,normal,0.0,background,0.0,safe,0.0,,on_track,125.55,228.26446280991738,250.0,0.42045454545456096,125.125,100.0,1826.115702479339
19,DRV_ARJUN,TRIP_002,2024-10-25 07:34:00,240.0,-0.0019712481624141183,0.012036579910347567,9.751998465751047,38.81810615755738,51.439134246690784,0.0,normal,0.0,background,0.0,safe,0.0,,on_track,131.68,232.37967914438505,250.0,2.2929292929293013,129.38888888888889,100.0,1859.0374331550804
20,DRV_ARJUN,TRIP_002,2024-10-25 07:35:00,300.0,0.05317694028623949,-0.10141577827031116,9.797442435283887,24.305872990452247,49.7833731382945,0.0,normal,0.0,background,0.0,safe,0.0,,on_track,137.82,236.25974025974023,250.0,4.137626262626242,133.68055555555557,100.0,1890.0779220779218
21,DRV_ARJUN,TRIP_002,2024-10-25 07:36:00,360.0,-0.07754052714602558,0.13460016417827683,9.85716771518028,44.98987387692413,51.54313920402005,0.0,normal,0.0,background,0.0,safe,0.0,,on_track,143.95,239.9242424242424,250.0,5.954545454545439,138.0,100.0,1919.3939393939395
22,DRV_ARJUN,TRIP_002,2024-10-25 07:37:00,420.0,-0.0615825327836293,-0.011460778368143588,9.950316375777577,34.099718163079814,54.368163428350194,0.0,normal,0.0,background,0.0,safe,0.0,,on_track,150.09,243.39066339066335,250.0,7.7436868686868365,142.34722222222223,100.0,1947.1253071253066
23,DRV_ARJUN,TRIP_002,2024-10-25 07:38:00,480.0,0.03933736258661657,-0.08520775607357038,9.92660764990955,39.34681625304953,53.48759858457093,0.0,normal,0.0,background,0.0,safe,0.0,,on_track,156.23,246.67464114832532,250.0,9.505050505050491,146.7222222222222,100.0,1973.3971291866028
24,DRV_ARJUN,TRIP_002,2024-10-25 07:39:00,540.0,-0.11077931390209073,0.021211191572685743,9.875363199538302,34.5075626842862,51.698802714667956,0.0,normal,0.0,background,0.0,safe,0.0,,on_track,162.36,249.7902097902097,250.0,11.238636363636317,151.125,100.0,1998.3216783216774
25,DRV_ARJUN,TRIP_002,2024-10-25 07:40:00,600.0,-0.03455481577128758,0.04147075043071384,9.667467465822185,41.77576796743171,54.00941080599882,0.0,normal,0.0,background,0.0,safe,0.0,,on_track,168.5,252.74999999999991,250.0,12.9444444444444,155.55555555555554,100.0,2021.9999999999993
26,DRV_ARJUN,TRIP_002,2024-10-25 07:41:00,660.0,-0.0588613546118164,0.12019965639815423,9.821889984744299,30.335223883736738,51.508598032570795,0.0,normal,0.0,background,0.0,safe,0.0,,on_track,174.64,255.56541019955642,250.0,14.622474747474683,160.01388888888889,100.0,2044.5232815964514
27,DRV_ARJUN,TRIP_002,2024-10-25 07:42:00,720.0,0.0451566314847018,-0.191016957196456,9.722349861947379,39.49927706694216,53.38135590116152,0.0,normal,0.0,background,0.0,safe,0.0,,on_track,180.77,258.24675324675314,250.0,16.272727272727195,164.5,100.0,2065.974025974025
28,DRV_ARJUN,TRIP_002,2024-10-25 07:43:00,780.0,0.08816111117455576,-0.0019627837934373046,9.786611954910486,32.43899408719739,50.600075189342945,0.0,normal,0.0,background,0.0,safe,0.0,,on_track,186.91,260.80338266384763,250.0,17.895202020201936,169.01388888888889,100.0,2086.427061310781
29,DRV_ARJUN,TRIP_002,2024-10-25 07:44:00,840.0,0.0864440199700054,0.10376004504421671,9.633941573395482,26.58620648499788,51.83360110255277,0.0,normal,0.0,background,0.0,safe,0.0,,on_track,193.05,263.24380165289244,250.0,19.489898989898904,173.55555555555554,100.0,2105.9504132231395
30,DRV_ARJUN,TRIP_002,2024-10-25 07:45:00,900.0,0.10762832746294394,0.12094678695187472,9.947751667270058,28.58763066531061,50.644741564479034,0.0,normal,0.0,background,0.0,safe,0.0,,on_track,199.18,265.57575757575745,250.0,21.056818181818073,178.125,100.0,2124.6060606060596
31,DRV_ARJUN,TRIP_002,2024-10-25 07:46:00,960.0,-0.042930724471681524,0.011247170515643725,9.847196336259715,29.36504222525394,54.71834450753394,0.0,normal,0.0,background,0.0,safe,0.0,,on_track,205.32,267.80632411067177,250.0,22.595959595959442,182.72222222222226,100.0,2142.450592885374
32,DRV_ARJUN,TRIP_002,2024-10-25 07:47:00,1020.0,-0.09334958192582968,0.04230100669552073,9.899630415419658,34.645194829013995,53.613084253246754,0.0,normal,0.0,background,0.0,safe,0.0,,on_track,211.45,269.9419729206962,250.0,24.107323232323097,187.34722222222223,100.0,2159.5357833655694
33,DRV_ARJUN,TRIP_002,2024-10-25 07:48:00,1080.0,0.11682121209610147,-0.0029121195830073884,9.88367509069901,36.06683018626136,51.45553337874585,0.0,normal,0.0,background,0.0,safe,0.0,,on_track,217.59,271.98863636363615,250.0,25.59090909090895,192.0,100.0,2175.909090909089
34,DRV_ARJUN,TRIP_002,2024-10-25 07:49:00,1140.0,0.07515695247095008,-0.044450080005028675,9.798180567209975,27.636762732818376,53.08779998748408,0.0,normal,0.0,background,0.0,safe,0.0,,on_track,223.73,273.9517625231909,250.0,27.046717171717034,196.68055555555554,100.0,2191.614100185527
35,DRV_ARJUN,TRIP_002,2024-10-25 07:50:00,1200.0,0.07075688352027507,-0.03528173323137145,9.87129128211686,33.85879080278838,47.16190556181076,0.0,normal,0.0,background,0.0,safe,0.0,,on_track,229.86,275.83636363636344,250.0,28.474747474747318,201.38888888888889,100.0,2206.6909090909076
36,DRV_ARJUN,TRIP_002,2024-10-25 07:51:00,1260.0,0.028194871678007646,-0.1004736245970838,9.880396637114787,39.979812998861625,51.34105872370141,0.0,normal,0.0,background,0.0,safe,0.0,,on_track,236.0,277.6470588235292,250.0,29.87499999999983,206.125,100.0,2221.1764705882338
37,DRV_ARJUN,TRIP_003,2024-10-25 08:02:00,0.0,0.020361792105560668,0.06625612037174422,9.779798095905425,0.0,48.86830706114774,0.0,normal,0.0,background,0.0,safe,0.0,,on_track,240.11,232.36175115207354,250.0,-18.22619047619068,258.33333333333337,100.0,1858.8940092165883
38,DRV_ARJUN,TRIP_003,2024-10-25 08:03:00,60.0,-0.04932820918407169,0.03466093366454016,9.674333553876725,0.0,52.557734630792645,0.0,normal,0.0,background,0.0,safe,0.0,,on_track,244.21,232.58503401360528,250.0,-18.285714285714448,262.5,100.0,1860.6802721088422
39,DRV_ARJUN,TRIP_003,2024-10-25 08:04:00,120.0,-0.09814372901345482,-0.038773507856261276,9.692025712603106,0.0,53.20881117113786,0.0,normal,0.0,background,0.0,safe,0.0,,on_track,248.32,232.80133928571414,250.0,-18.345238095238273,266.6666666666667,100.0,1862.410714285713
40,DRV_ARJUN,TRIP_003,2024-10-25 08:05:00,180.0,-0.11144145668372799,-0.05691273599642617,9.648811926542505,34.60689739278484,52.37003617008426,0.0,normal,0.0,background,0.0,safe,0.0,,on_track,252.43,233.01098901098888,250.0,-18.40476190476204,270.8333333333333,100.0,1864.0879120879113
41,DRV_ARJUN,TRIP_003,2024-10-25 08:06:00,240.0,-0.023473174290858066,0.02285555358835725,9.813943963354454,40.20895720029956,52.96242188520285,0.0,normal,0.0,background,0.0,safe,0.0,,on_track,256.54,233.21428571428552,250.0,-18.464285714285893,275.0,100.0,1865.7142857142844
42,DRV_ARJUN,TRIP_003,2024-10-25 08:07:00,300.0,0.010939920042432109,-0.011896280104885748,9.653413441345444,33.10149768672333,55.40477725374036,0.0,normal,0.0,background,0.0,safe,0.0,,on_track,260.64,233.41151385927486,250.0,-18.523809523809746,279.1666666666667,100.0,1867.2921108741987
43,DRV_ARJUN,TRIP_003,2024-10-25 08:08:00,360.0,-0.047183463243868864,0.07932437106024447,9.563421478284884,35.871886084857096,55.169173400893165,0.0,normal,0.0,background,0.0,safe,0.0,,on_track,264.75,233.60294117647038,250.0,-18.58333333333354,283.3333333333333,100.0,1868.8235294117633
44,DRV_ARJUN,TRIP_003,2024-10-25 08:09:00,420.0,-0.05532800887866718,0.051879937333892324,9.894366200123741,35.559998327384996,55.00868494130566,0.0,normal,0.0,background,0.0,safe,0.0,,on_track,268.86,233.7888198757762,250.0,-18.642857142857395,287.5,100.0,1870.3105590062096
45,DRV_ARJUN,TRIP_003,2024-10-25 08:10:00,480.0,0.006766734276678118,-0.13387928189067458,9.908351969817998,41.70690534926933,51.93566888571686,0.0,normal,0.0,background,0.0,safe,0.0,,on_track,272.96,233.9693877551018,250.0,-18.702380952381247,291.6666666666667,100.0,1871.755102040814
46,DRV_ARJUN,TRIP_003,2024-10-25 08:11:00,540.0,-0.02050827065041126,-0.06778069047472132,9.8020321325768,35.9323372404346,53.04874613985463,0.0,normal,0.0,background,0.0,safe,0.0,,on_track,277.07,234.1448692152915,250.0,-18.761904761905043,295.8333333333333,100.0,1873.158953722332
47,DRV_ARJUN,TRIP_003,2024-10-25 08:12:00,600.0,0.019767312335050944,-0.09615766132428796,9.35578151402217,30.773073017671592,50.319674204087235,0.0,normal,0.0,background,0.0,safe,0.0,,on_track,281.18,234.31547619047592,250.0,-18.821428571428896,300.0,100.0,1874.5238095238074
48,DRV_ARJUN,TRIP_003,2024-10-25 08:13:00,660.0,0.047992865275380894,0.06590735649063958,9.835870059416424,41.72664592361522,74.0,60.0,normal,0.0,very_loud,0.65,low,0.2925,audio_spike,on_track,285.29,234.48140900195668,250.0,-18.880952380952692,304.16666666666663,100.0,1875.8512720156534
49,DRV_ARJUN,TRIP_003,2024-10-25 08:14:00,720.0,0.06417222171417766,-0.029863698660881784,10.029566188409401,26.41262385440866,74.0,120.0,normal,0.0,very_loud,0.65,low,0.2925,audio_spike,on_track,289.39,234.64285714285683,250.0,-18.940476190476602,308.33333333333337,100.0,1877.1428571428546
50,DRV_ARJUN,TRIP_003,2024-10-25 08:15:00,780.0,0.06409141436882089,-0.17005145830824928,9.746671256411787,38.99150943151354,74.0,180.0,normal,0.0,very_loud,0.65,low,0.2925,audio_spike,on_track,293.5,234.79999999999967,250.0,-19.000000000000398,312.5,100.0,1878.3999999999974
51,DRV_ARJUN,TRIP_003,2024-10-25 08:16:00,840.0,0.1132676972153115,-0.05713615469469545,9.822645117845973,37.75660271574969,51.019645788619584,0.0,normal,0.0,background,0.0,safe,0.0,,on_track,297.61,234.95300751879668,250.0,-19.059523809524194,316.66666666666663,100.0,1879.6240601503735
52,DRV_ARJUN,TRIP_003,2024-10-25 08:17:00,900.0,0.05061496766514825,0.058577066358667385,9.882957148504069,30.91776549966907,53.124091150857566,0.0,normal,0.0,background,0.0,safe,0.0,,on_track,301.71,235.10204081632617,250.0,-19.119047619048104,320.83333333333337,100.0,1880.8163265306093
53,DRV_ARJUN,TRIP_003,2024-10-25 08:18:00,960.0,-0.06614568916106407,0.08252144027420151,9.991633089400809,37.34248206908141,47.817100756342775,0.0,normal,0.0,background,0.0,safe,0.0,,on_track,305.82,235.2472527472524,250.0,-19.1785714285719,325.0,100.0,1881.9780219780191
54,DRV_ARJUN,TRIP_003,2024-10-25 08:19:00,1020.0,0.09926433312428724,0.06780804475721804,9.751701058162311,39.45860465459787,52.57397218107826,0.0,normal,0.0,background,0.0,safe,0.0,,on_track,309.93,235.38878842676274,250.0,-19.238095238095752,329.1666666666667,100.0,1883.110307414102
55,DRV_ARJUN,TRIP_003,2024-10-25 08:20:00,1080.0,-0.07100462440813601,0.05303445953619817,10.00628769659108,32.851096170196435,54.19535535930869,0.0,normal,0.0,background,0.0,safe,0.0,,on_track,314.04,235.52678571428532,250.0,-19.29761904761955,333.3333333333333,100.0,1884.2142857142826
56,DRV_ARJUN,TRIP_003,2024-10-25 08:21:00,1140.0,-0.026872206287560922,0.020325798645278254,9.641058403534801,34.38924568867725,53.72177166130616,0.0,normal,0.0,background,0.0,safe,0.0,,on_track,318.14,235.66137566137525,250.0,-19.3571428571434,337.5,100.0,1885.2910052910022
57,DRV_ARJUN,TRIP_003,2024-10-25 08:22:00,1200.0,-0.006188621467682654,0.08975141928303057,9.861148373516542,27.564783431392634,55.67555267822787,0.0,normal,0.0,background,0.0,safe,0.0,,on_track,322.25,235.79268292682886,250.0,-19.416666666667254,341.6666666666667,100.0,1886.3414634146307
58,DRV_ARJUN,TRIP_003,2024-10-25 08:23:00,1260.0,0.004193486986152539,0.04909230406623284,9.869902298384876,36.43813998395139,55.24561540054757,0.0,normal,0.0,background,0.0,safe,0.0,,on_track,326.36,235.9208261617896,250.0,-19.47619047619105,345.8333333333333,100.0,1887.3666092943167
59,DRV_ARJUN,TRIP_003,2024-10-25 08:24:00,1320.0,-0.043579551924658275,0.16907621874713902,9.800972763923358,36.33252611964758,53.31877132487809,0.0,normal,0.0,background,0.0,safe,0.0,,on_track,330.46,236.0459183673465,250.0,-19.535714285714903,350.0,100.0,1888.367346938772
60,DRV_ARJUN,TRIP_003,2024-10-25 08:25:00,1380.0,0.0017954760866192457,0.0767556676365637,9.953341074261829,46.173102157918734,55.12790893076523,0.0,normal,0.0,background,0.0,safe,0.0,,on_track,334.57,236.1680672268903,250.0,-19.595238095238756,354.1666666666667,100.0,1889.3445378151223
61,DRV_ARJUN,TRIP_003,2024-10-25 08:26:00,1440.0,0.026337096964811395,0.019634528998249835,9.79873102034432,35.373034887756816,52.37251804823024,0.0,normal,0.0,background,0.0,safe,0.0,,on_track,338.68,236.28737541528193,250.0,-19.65476190476255,358.3333333333333,100.0,1890.2990033222554
62,DRV_ARJUN,TRIP_003,2024-10-25 08:27:00,1500.0,-0.01662102223991121,0.0421859871661388,9.82105265669982,37.895706764623554,48.76443230762787,0.0,normal,0.0,background,0.0,safe,0.0,,on_track,342.79,236.40394088669905,250.0,-19.714285714286405,362.5,100.0,1891.2315270935921
63,DRV_ARJUN,TRIP_003,2024-10-25 08:28:00,1560.0,0.04547358827663131,-0.0382733042858218,9.52371473721139,35.74386557497527,49.759259375582374,0.0,normal,0.0,background,0.0,safe,0.0,,on_track,346.89,236.51785714285668,250.0,-19.7738095238102,366.66666666666663,100.0,1892.1428571428535
64,DRV_ARJUN,TRIP_003,2024-10-25 08:29:00,1620.0,0.06236912325823626,-0.18886731471144574,9.547133531316982,34.022678745431755,52.75009438513864,0.0,normal,0.0,background,0.0,safe,0.0,,on_track,351.0,236.62921348314555,250.0,-19.83333333333411,370.83333333333337,100.0,1893.0337078651644
65,DRV_ARJUN,TRIP_004,2024-10-25 08:40:00,0.0,0.10315959368140097,0.03383805607147995,9.944113992279954,0.0,51.37403091319629,0.0,normal,0.0,background,0.0,safe,0.0,,on_track,367.11,220.2666666666662,250.0,-49.55555555555634,416.6666666666667,100.0,1762.1333333333296
66,DRV_ARJUN,TRIP_004,2024-10-25 08:41:00,60.0,-0.05452499907696993,0.012215825976627384,9.787069460160739,0.0,50.41318940851615,0.0,normal,0.0,background,0.0,safe,0.0,,on_track,383.22,227.65676567656718,250.0,-37.61111111111188,420.8333333333333,100.0,1821.2541254125374
67,DRV_ARJUN,TRIP_004,2024-10-25 08:42:00,120.0,-0.05412415655447205,0.012583511340750846,9.86025468963947,0.0,50.41663806126025,0.0,normal,0.0,background,0.0,safe,0.0,,on_track,399.33,234.90196078431325,250.0,-25.66666666666748,425.0,100.0,1879.215686274506
68,DRV_ARJUN,TRIP_004,2024-10-25 08:43:00,180.0,-0.03000365664145507,0.04902720543304466,9.978777540493901,31.12069949144326,55.344657677318544,0.0,normal,0.0,background,0.0,safe,0.0,,on_track,415.44,242.0064724919089,250.0,-13.722222222223024,429.16666666666663,100.0,1936.0517799352713
69,DRV_ARJUN,TRIP_004,2024-10-25 08:44:00,240.0,-0.09332256079221221,0.014673646538333737,9.883530942280865,32.83197459707908,50.3268953510491,0.0,normal,0.0,background,0.0,safe,0.0,,on_track,431.56,248.97435897435847,250.0,-1.777777777778681,433.33333333333337,100.0,1991.7948717948677
70,DRV_ARJUN,TRIP_004,2024-10-25 08:45:00,300.0,0.029740124244502314,-0.06402114823819277,9.938224288949934,35.51023324003417,48.581642514032545,0.0,normal,0.0,background,0.0,safe,0.0,,on_track,447.67,255.8095238095233,250.0,10.166666666665776,437.5,100.0,2046.4761904761865
71,DRV_ARJUN,TRIP_004,2024-10-25 08:46:00,360.0,0.0044143391340086295,0.061927083566817656,9.666903925354958,65.0,52.98417591159873,0.0,normal,0.0,background,0.0,safe,0.0,,on_track,463.78,262.51572327043976,250.0,22.111111111110233,441.66666666666663,100.0,2100.125786163518
72,DRV_ARJUN,TRIP_004,2024-10-25 08:47:00,420.0,-0.0830948583587509,-3.2,9.965016214929724,22.0,50.05906692777627,0.0,harsh_brake,0.82,background,0.0,medium,0.451,harsh_braking,on_track,479.89,269.0965732087222,250.0,34.05555555555458,445.83333333333337,100.0,2152.7725856697775
73,DRV_ARJUN,TRIP_004,2024-10-25 08:48:00,480.0,-0.1319969529840955,0.09040325754373703,9.935587334539937,43.922447059306194,51.03230330350525,0.0,normal,0.0,background,0.0,safe,0.0,,on_track,496.0,275.55555555555503,250.0,45.999999999999034,450.0,100.0,2204.4444444444403
74,DRV_ARJUN,TRIP_004,2024-10-25 08:49:00,540.0,0.03966603827146891,-0.05211608362698033,9.611694019086181,38.20828822276061,51.383336159651655,0.0,normal,0.0,background,0.0,safe,0.0,,on_track,512.11,281.89602446483127,250.0,57.94444444444349,454.1666666666667,100.0,2255.16819571865
75,DRV_ARJUN,TRIP_004,2024-10-25 08:50:00,600.0,-0.020685944970847685,-0.01607178761766301,9.638198105201774,28.360485516521564,48.11845379496067,0.0,normal,0.0,background,0.0,safe,0.0,,on_track,528.22,288.1212121212116,250.0,69.88888888888795,458.3333333333333,100.0,2304.969696969693
76,DRV_ARJUN,TRIP_004,2024-10-25 08:51:00,660.0,0.03631102671242953,-0.0357912270403111,9.641724585101956,29.336285598234817,50.762184945914264,0.0,normal,0.0,background,0.0,safe,0.0,,on_track,544.33,294.23423423423367,250.0,81.83333333333235,462.5,100.0,2353.8738738738693
77,DRV_ARJUN,TRIP_004,2024-10-25 08:52:00,720.0,-0.010308955597735292,0.160233592583319,9.819507950398414,46.91689235083674,51.581415939262456,0.0,normal,0.0,background,0.0,safe,0.0,,on_track,560.44,300.2380952380947,250.0,93.77777777777675,466.6666666666667,100.0,2401.9047619047574
78,DRV_ARJUN,TRIP_004,2024-10-25 08:53:00,780.0,0.021131406802436935,0.12961657634845852,9.612081460017068,39.87490885025627,51.130917491897605,0.0,normal,0.0,background,0.0,safe,0.0,,ahead,576.56,306.1356932153387,250.0,105.7222222222212,470.8333333333333,100.0,2449.08554572271
79,DRV_ARJUN,TRIP_004,2024-10-25 08:54:00,840.0,-0.020882915001651653,-0.1599350849881902,9.718368489503742,39.84428996704357,50.56551473422557,0.0,normal,0.0,background,0.0,safe,0.0,,ahead,592.67,311.92982456140294,250.0,117.6666666666656,475.0,100.0,2495.4385964912235
80,DRV_ARJUN,TRIP_004,2024-10-25 08:55:00,900.0,0.01581933162163296,0.013445358227018912,10.064575587178165,30.911801930021227,53.71315936975847,0.0,normal,0.0,background,0.0,safe,0.0,,ahead,608.78,317.6231884057965,250.0,129.61111111111,479.1666666666667,100.0,2540.985507246372
81,DRV_ARJUN,TRIP_004,2024-10-25 08:56:00,960.0,0.037698624869134466,-0.0722164286189977,9.668866658896176,34.28473822841548,50.26859631168651,0.0,normal,0.0,background,0.0,safe,0.0,,ahead,624.89,323.2183908045971,250.0,141.55555555555446,483.3333333333333,100.0,2585.747126436777
82,DRV_ARJUN,TRIP_004,2024-10-25 08:57:00,1020.0,-0.012483062442137538,0.012729213251012375,9.61824449666317,36.66340292733598,52.96257951255599,0.0,normal,0.0,background,0.0,safe,0.0,,ahead,641.0,328.71794871794816,250.0,153.49999999999886,487.5,100.0,2629.7435897435853
83,DRV_ARJUN,TRIP_005,2024-10-25 09:08:00,0.0,-0.019793722695160013,0.06972582268104709,9.707871236868534,0.0,51.03436625407667,0.0,normal,0.0,background,0.0,safe,0.0,,ahead,653.4,306.2812499999995,250.0,120.06666666666547,533.3333333333334,100.0,2450.249999999996
84,DRV_ARJUN,TRIP_005,2024-10-25 09:09:00,60.0,-0.038180466650509205,0.03687655559381236,9.992491874185005,0.0,51.98643985427902,0.0,normal,0.0,background,0.0,safe,0.0,,ahead,665.8,309.6744186046506,250.0,128.29999999999882,537.5,100.0,2477.395348837205
85,DRV_ARJUN,TRIP_005,2024-10-25 09:10:00,120.0,-0.09240340342927121,-0.03214835292243133,9.860843522286713,0.0,51.170950315813215,0.0,normal,0.0,background,0.0,safe,0.0,,ahead,678.2,313.0153846153841,250.0,136.53333333333217,541.6666666666666,100.0,2504.123076923073
86,DRV_ARJUN,TRIP_005,2024-10-25 09:11:00,180.0,-0.03507340269263877,0.0922238337720651,9.665360078492057,32.66484033869116,52.64339823255984,0.0,normal,0.0,background,0.0,safe,0.0,,ahead,690.6,316.30534351144985,250.0,144.76666666666551,545.8333333333333,100.0,2530.4427480915983
87,DRV_ARJUN,TRIP_005,2024-10-25 09:12:00,240.0,-0.013007585394205174,0.08431782354845596,9.786656273650006,34.94796792955878,54.02184204165629,0.0,normal,0.0,background,0.0,safe,0.0,,ahead,703.0,319.54545454545394,250.0,152.99999999999875,550.0,100.0,2556.3636363636315
88,DRV_ARJUN,TRIP_005,2024-10-25 09:13:00,300.0,-0.07292221572071858,0.08419814002016188,9.903921756172892,37.07247638398864,50.14410668414112,0.0,normal,0.0,background,0.0,safe,0.0,,ahead,715.4,322.73684210526255,250.0,161.23333333333198,554.1666666666667,100.0,2581.8947368421004
89,DRV_ARJUN,TRIP_005,2024-10-25 09:14:00,360.0,0.07365718361467324,0.03454033845877741,9.825457372074593,27.590368244730463,50.73001590152153,0.0,normal,0.0,background,0.0,safe,0.0,,ahead,727.8,325.8805970149248,250.0,169.46666666666533,558.3333333333334,100.0,2607.044776119398
90,DRV_ARJUN,TRIP_005,2024-10-25 09:15:00,420.0,-0.07974751104154486,0.11986277017265387,9.650144334192667,35.03520277718891,57.985100679471245,0.0,normal,0.0,background,0.0,safe,0.0,,ahead,740.2,328.9777777777772,250.0,177.69999999999868,562.5,100.0,2631.8222222222175
91,DRV_ARJUN,TRIP_005,2024-10-25 09:16:00,480.0,-0.047076683409217876,0.1347551279642569,9.877999632841927,38.549496903250436,88.0,60.0,normal,0.0,very_loud,0.65,low,0.2925,audio_spike,ahead,752.6,332.0294117647053,250.0,185.93333333333203,566.6666666666666,100.0,2656.2352941176423
92,DRV_ARJUN,TRIP_005,2024-10-25 09:17:00,540.0,0.03363020281644468,0.08446670063972342,9.731810206899544,58.0,88.0,120.0,normal,0.0,argument,0.92,low,0.414,conflict_moment,ahead,765.0,335.03649635036436,250.0,194.16666666666538,570.8333333333333,100.0,2680.291970802915
93,DRV_ARJUN,TRIP_005,2024-10-25 09:18:00,600.0,0.043084179983889095,-3.6,9.745975823529983,14.0,88.0,180.0,harsh_brake,0.82,argument,0.92,high,1.0,harsh_braking,ahead,777.4,337.99999999999943,250.0,202.3999999999986,575.0,100.0,2703.9999999999955
94,DRV_ARJUN,TRIP_005,2024-10-25 09:19:00,660.0,0.0036417454077452426,-0.10516761651100737,9.695129467592059,39.71637657339419,88.0,240.0,normal,0.0,argument,0.92,low,0.414,conflict_moment,ahead,789.8,340.9208633093519,250.0,210.63333333333185,579.1666666666667,100.0,2727.3669064748156
95,DRV_ARJUN,TRIP_005,2024-10-25 09:20:00,720.0,0.0695822310065463,-0.05974249569523043,9.956173076838654,34.37389837542324,52.96896494953494,0.0,normal,0.0,background,0.0,safe,0.0,,ahead,802.2,343.7999999999994,250.0,218.8666666666652,583.3333333333334,100.0,2750.399999999995
96,DRV_ARJUN,TRIP_005,2024-10-25 09:21:00,780.0,0.0249526571029932,-0.00915695090499051,9.794889519758005,37.90006272979293,53.862826623635314,0.0,normal,0.0,background,0.0,safe,0.0,,ahead,814.6,346.6382978723398,250.0,227.09999999999854,587.5,100.0,2773.1063829787186
97,DRV_ARJUN,TRIP_005,2024-10-25 09:22:00,840.0,0.12206107978225916,0.07378170498201113,9.808074426046785,41.68853224509917,53.41183981642636,0.0,normal,0.0,background,0.0,safe,0.0,,ahead,827.0,349.4366197183092,250.0,235.3333333333319,591.6666666666666,100.0,2795.4929577464736
98,DRV_ARJUN,TRIP_005,2024-10-25 09:23:00,900.0,-0.07230184183127353,-0.028256099600414274,9.920432748850034,33.53763808121418,53.04838670392084,0.0,normal,0.0,background,0.0,safe,0.0,,ahead,839.4,352.1958041958036,250.0,243.56666666666513,595.8333333333334,100.0,2817.5664335664287
99,DRV_ARJUN,TRIP_005,2024-10-25 09:24:00,960.0,0.009833257373528557,0.016418276736035256,9.781422839804561,38.71637024398578,51.59158871308962,0.0,normal,0.0,background,0.0,safe,0.0,,ahead,851.8,354.91666666666606,250.0,251.79999999999848,600.0,100.0,2839.3333333333285
100,DRV_ARJUN,TRIP_005,2024-10-25 09:25:00,1020.0,-0.052547469150030175,0.013278588432916396,9.569680639212782,30.92762744307847,53.240227690772464,0.0,normal,0.0,background,0.0,safe,0.0,,ahead,864.2,357.5999999999994,250.0,260.0333333333318,604.1666666666666,100.0,2860.7999999999956
101,DRV_ARJUN,TRIP_005,2024-10-25 09:26:00,1080.0,0.136377617827361,-0.047686367168102754,9.803108022023785,38.44264344674353,51.00135799587782,0.0,normal,0.0,background,0.0,safe,0.0,,ahead,876.6,360.2465753424651,250.0,268.2666666666652,608.3333333333333,100.0,2881.972602739721
102,DRV_ARJUN,TRIP_005,2024-10-25 09:27:00,1140.0,-0.05841301584541264,0.031151525220879116,9.769234352609065,34.26947559698725,53.95581348137495,0.0,normal,0.0,background,0.0,safe,0.0,,ahead,889.0,362.8571428571422,250.0,276.4999999999984,612.5,100.0,2902.8571428571377
103,DRV_ARJUN,TRIP_005,2024-10-25 09:28:00,1200.0,-0.0068622493905040206,0.06862447846437007,9.780550274281552,35.29536297855708,49.629541469726114,0.0,normal,0.0,background,0.0,safe,0.0,,ahead,901.4,365.43243243243177,250.0,284.73333333333164,616.6666666666667,100.0,2923.459459459454
104,DRV_ARJUN,TRIP_005,2024-10-25 09:29:00,1260.0,0.02765749806200036,0.03616533622239449,9.49832271230844,35.331510548605245,47.831793247817664,0.0,normal,0.0,background,0.0,safe,0.0,,ahead,913.8,367.9731543624154,250.0,292.966666666665,620.8333333333334,100.0,2943.7852348993233
105,DRV_ARJUN,TRIP_005,2024-10-25 09:30:00,1320.0,0.024267939050421686,0.0891435322272748,9.75564903389919,28.58667055567756,53.69005296628719,0.0,normal,0.0,background,0.0,safe,0.0,,ahead,926.2,370.47999999999934,250.0,301.19999999999834,625.0,100.0,2963.8399999999947
106,DRV_ARJUN,TRIP_005,2024-10-25 09:31:00,1380.0,-0.01038595486452669,-0.023509357034022,9.790613117842698,28.918795993419874,54.3876941533057,0.0,normal,0.0,background,0.0,safe,0.0,,ahead,938.6,372.9536423841053,250.0,309.4333333333317,629.1666666666666,100.0,2983.6291390728425
107,DRV_ARJUN,TRIP_005,2024-10-25 09:32:00,1440.0,0.07201976488629615,-0.07317043832303406,9.728953481692814,31.292712523962592,55.024681792686735,0.0,normal,0.0,background,0.0,safe,0.0,,ahead,951.0,375.39473684210463,250.0,317.66666666666504,633.3333333333333,100.0,3003.157894736837
108,DRV_ARJUN,TRIP_006,2024-10-25 09:43:00,0.0,-0.07108211416577284,-0.02828464945102193,9.925471418133702,0.0,52.28534478590477,0.0,normal,0.0,background,0.0,safe,0.0,,ahead,955.0,351.5337423312877,250.0,275.83333333333155,679.1666666666667,100.0,2812.269938650302
109,DRV_ARJUN,TRIP_006,2024-10-25 09:44:00,60.0,-0.1225937103837902,0.0006419663849470277,9.708670405710954,0.0,49.241394861702815,0.0,normal,0.0,background,0.0,safe,0.0,,ahead,959.0,350.85365853658476,250.0,275.6666666666649,683.3333333333334,100.0,2806.829268292678
110,DRV_ARJUN,TRIP_006,2024-10-25 09:45:00,120.0,0.04533093952152577,-0.003787796605711114,9.575305923471813,0.0,52.70820696885111,0.0,normal,0.0,background,0.0,safe,0.0,,ahead,963.0,350.18181818181756,250.0,275.4999999999983,687.5,100.0,2801.4545454545405
111,DRV_ARJUN,TRIP_006,2024-10-25 09:46:00,180.0,-0.10992152448767985,0.0819302415729883,9.72353038359047,28.86187407715264,49.39459726245056,0.0,normal,0.0,background,0.0,safe,0.0,,ahead,967.0,349.518072289156,250.0,275.33333333333167,691.6666666666666,100.0,2796.144578313248
112,DRV_ARJUN,TRIP_006,2024-10-25 09:47:00,240.0,-0.17513600765541132,-0.05549783072017033,10.046247436576747,42.5297654404893,50.07211839295964,0.0,normal,0.0,background,0.0,safe,0.0,,ahead,971.0,348.8622754491012,250.0,275.16666666666504,695.8333333333333,100.0,2790.8982035928098
113,DRV_ARJUN,TRIP_006,2024-10-25 09:48:00,300.0,-0.027477104904712626,0.14733692833862688,9.943045295190823,34.779771877404265,49.09358472648001,0.0,normal,0.0,background,0.0,safe,0.0,,ahead,975.0,348.21428571428515,250.0,274.9999999999983,700.0,100.0,2785.7142857142812
114,DRV_ARJUN,TRIP_006,2024-10-25 09:49:00,360.0,0.005200873832221656,0.05367347674873569,9.887311430218771,27.271657116784382,49.84440718344312,0.0,normal,0.0,background,0.0,safe,0.0,,ahead,979.0,347.5739644970408,250.0,274.83333333333155,704.1666666666667,100.0,2780.591715976326
115,DRV_ARJUN,TRIP_006,2024-10-25 09:50:00,420.0,0.048472793273226615,-0.12442619925898908,9.756018101347557,34.256852552565284,51.854190855530504,0.0,normal,0.0,background,0.0,safe,0.0,,ahead,983.0,346.9411764705876,250.0,274.6666666666649,708.3333333333334,100.0,2775.529411764701
116,DRV_ARJUN,TRIP_006,2024-10-25 09:51:00,480.0,-0.010424665183309947,0.022795699018907142,9.743379391041092,35.35585824678211,52.4610025623131,0.0,normal,0.0,background,0.0,safe,0.0,,ahead,987.0,346.3157894736836,250.0,274.4999999999983,712.5,100.0,2770.5263157894688
117,DRV_ARJUN,TRIP_006,2024-10-25 09:52:00,540.0,0.004318496868324831,0.07057777675638041,9.562918678638146,33.72533493988247,53.23645533759846,0.0,normal,0.0,background,0.0,safe,0.0,,ahead,991.0,345.69767441860404,250.0,274.33333333333167,716.6666666666666,100.0,2765.5813953488323
118,DRV_ARJUN,TRIP_006,2024-10-25 09:53:00,600.0,-0.037863980935300884,-0.010638596795600752,9.932310604468453,41.346144653048185,54.18862950385419,0.0,normal,0.0,background,0.0,safe,0.0,,ahead,995.0,345.0867052023116,250.0,274.1666666666649,720.8333333333334,100.0,2760.6936416184926
119,DRV_ARJUN,TRIP_006,2024-10-25 09:54:00,660.0,-0.004110598522214479,0.17869598336026066,9.690800983527463,48.0,54.358053132951014,0.0,normal,0.0,background,0.0,safe,0.0,,ahead,999.0,344.4827586206891,250.0,273.9999999999983,725.0,100.0,2755.8620689655127
120,DRV_ARJUN,TRIP_006,2024-10-25 09:55:00,720.0,0.07264620410527116,-2.0,9.701522297986855,25.0,50.65825397928431,0.0,moderate_brake,0.48,background,0.0,low,0.264,moderate_brake,ahead,1003.0,343.88571428571373,250.0,273.83333333333167,729.1666666666666,100.0,2751.08571428571
121,DRV_ARJUN,TRIP_006,2024-10-25 09:56:00,780.0,0.09130819415564423,0.029896592434113016,9.78672937414816,35.64279408908564,52.29085954846683,0.0,normal,0.0,background,0.0,safe,0.0,,ahead,1007.0,343.295454545454,250.0,273.66666666666504,733.3333333333333,100.0,2746.363636363632
122,DRV_ARJUN,TRIP_006,2024-10-25 09:57:00,840.0,-0.08391972443353357,0.022855439529224083,9.907389254178865,30.769255553558526,52.083374221713655,0.0,normal,0.0,background,0.0,safe,0.0,,ahead,1011.0,342.71186440677906,250.0,273.4999999999983,737.5,100.0,2741.6949152542325
123,DRV_ARJUN,TRIP_006,2024-10-25 09:58:00,900.0,-0.06805526979570077,0.1876763564606466,9.65929316624351,45.56409531082322,52.460745947143884,0.0,normal,0.0,background,0.0,safe,0.0,,ahead,1015.0,342.1348314606736,250.0,273.33333333333155,741.6666666666667,100.0,2737.0786516853886
124,DRV_ARJUN,TRIP_006,2024-10-25 09:59:00,960.0,-0.024170391681871763,0.06035118637506874,9.849589683932715,38.43528964093041,50.080823382129516,0.0,normal,0.0,background,0.0,safe,0.0,,ahead,1019.0,341.5642458100553,250.0,273.1666666666649,745.8333333333334,100.0,2732.5139664804424
125,DRV_ARJUN,TRIP_006,2024-10-25 10:00:00,1020.0,-0.11217938634130371,-0.16486775612104385,10.088557410325667,46.0,52.7849459765585,0.0,normal,0.0,background,0.0,safe,0.0,,ahead,1023.0,340.99999999999943,250.0,272.9999999999983,750.0,100.0,2727.9999999999955
126,DRV_ARJUN,TRIP_006,2024-10-25 10:01:00,1080.0,-0.022057258753816793,-1.9,10.08114852089402,24.0,49.76075215374294,0.0,moderate_brake,0.48,background,0.0,low,0.264,moderate_brake,ahead,1027.0,340.44198895027563,250.0,272.83333333333155,754.1666666666666,100.0,2723.535911602205
127,DRV_ARJUN,TRIP_006,2024-10-25 10:02:00,1140.0,0.11817787340801297,0.11853456700979678,9.85230438471328,41.82122620116993,50.00649569183781,0.0,normal,0.0,background,0.0,safe,0.0,,ahead,1031.0,339.89010989010933,250.0,272.6666666666649,758.3333333333333,100.0,2719.1208791208746
128,DRV_ARJUN,TRIP_006,2024-10-25 10:03:00,1200.0,0.0955377679307508,0.08168567520919588,9.899276817205527,35.022864542615785,51.75481790883547,0.0,normal,0.0,background,0.0,safe,0.0,,ahead,1035.0,339.34426229508136,250.0,272.4999999999982,762.5,100.0,2714.754098360651
129,DRV_ARJUN,TRIP_006,2024-10-25 10:04:00,1260.0,-0.11815497889374094,0.006437424803816961,9.747878422009396,31.027827712245575,52.371521728609224,0.0,normal,0.0,background,0.0,safe,0.0,,ahead,1039.0,338.8043478260863,250.0,272.33333333333144,766.6666666666667,100.0,2710.4347826086905
130,DRV_ARJUN,TRIP_006,2024-10-25 10:05:00,1320.0,-0.048058519423592266,0.061094692092920413,9.798028202624854,44.332139348939286,54.10876012292519,0.0,normal,0.0,background,0.0,safe,0.0,,ahead,1043.0,338.2702702702697,250.0,272.1666666666648,770.8333333333334,100.0,2706.162162162157
131,DRV_ARJUN,TRIP_006,2024-10-25 10:06:00,1380.0,-0.0817343312485903,-0.12534570450660643,9.676009094377415,37.115185692127824,53.54179554974868,0.0,normal,0.0,background,0.0,safe,0.0,,ahead,1047.0,337.74193548387035,250.0,271.9999999999982,775.0,100.0,2701.9354838709633
132,DRV_ARJUN,TRIP_006,2024-10-25 10:07:00,1440.0,-0.018429229140456336,-0.11360414577215577,9.461702727768326,31.701374323341057,51.59432693438233,0.0,normal,0.0,background,0.0,safe,0.0,,ahead,1051.0,337.2192513368978,250.0,271.83333333333155,779.1666666666666,100.0,2697.754010695182
133,DRV_ARJUN,TRIP_006,2024-10-25 10:08:00,1500.0,0.0020059530688091086,0.07307340826385993,9.8571479212475,36.14315276754068,54.22173509336014,0.0,normal,0.0,background,0.0,safe,0.0,,ahead,1055.0,336.7021276595739,250.0,271.6666666666648,783.3333333333334,100.0,2693.617021276591
134,DRV_ARJUN,TRIP_006,2024-10-25 10:09:00,1560.0,-0.026337685877464802,-0.04823987717260326,9.798114926468022,30.44233892417747,49.1706024604413,0.0,normal,0.0,background,0.0,safe,0.0,,ahead,1059.0,336.19047619047564,250.0,271.4999999999982,787.5,100.0,2689.5238095238046
135,DRV_ARJUN,TRIP_006,2024-10-25 10:10:00,1620.0,0.013270553756191503,0.05311164921137465,9.905054724829487,35.46172197730481,50.797651932488755,0.0,normal,0.0,background,0.0,safe,0.0,,ahead,1063.0,335.6842105263152,250.0,271.33333333333155,791.6666666666666,100.0,2685.473684210522
136,DRV_ARJUN,TRIP_006,2024-10-25 10:11:00,1680.0,-0.01175194273549094,0.059789577274014814,9.605497399574334,38.26624610646222,51.6194851447849,0.0,normal,0.0,background,0.0,safe,0.0,,ahead,1067.0,335.1832460732979,250.0,271.1666666666649,795.8333333333333,100.0,2681.4659685863826
137,DRV_ARJUN,TRIP_006,2024-10-25 10:12:00,1740.0,-0.0286019475527521,-0.1263688476916477,9.931061581946734,38.73224124573712,47.22830751012739,0.0,normal,0.0,background,0.0,safe,0.0,,ahead,1071.0,334.68749999999943,250.0,270.9999999999982,800.0,100.0,2677.4999999999955
138,DRV_ARJUN,TRIP_007,2024-10-25 10:23:00,0.0,-0.01126738139801426,0.008908996757260314,9.718944564700426,0.0,51.187511717573294,0.0,normal,0.0,background,0.0,safe,0.0,,ahead,1078.0,318.6206896551719,250.0,232.1666666666648,845.8333333333334,100.0,2548.965517241375
139,DRV_ARJUN,TRIP_007,2024-10-25 10:24:00,60.0,-0.022597593594570232,-0.0077474241173646685,9.679331082809247,0.0,51.405887961397326,0.0,normal,0.0,background,0.0,safe,0.0,,ahead,1085.0,319.117647058823,250.0,234.99999999999818,850.0,100.0,2552.9411764705837
140,DRV_ARJUN,TRIP_007,2024-10-25 10:25:00,120.0,0.05799234912400207,-0.04423267777427139,9.707167310648682,0.0,50.7047314452942,0.0,normal,0.0,background,0.0,safe,0.0,,ahead,1092.0,319.6097560975605,250.0,237.83333333333155,854.1666666666666,100.0,2556.878048780484
141,DRV_ARJUN,TRIP_007,2024-10-25 10:26:00,180.0,-0.0062337504545886295,0.05196231282876811,9.675357266893213,40.56299497758599,53.19648603793572,0.0,normal,0.0,background,0.0,safe,0.0,,ahead,1099.0,320.09708737864025,250.0,240.66666666666492,858.3333333333333,100.0,2560.776699029122
142,DRV_ARJUN,TRIP_007,2024-10-25 10:27:00,240.0,0.09498898165646402,-0.03886793939612877,9.728887102791214,34.8094445357356,48.98528159841038,0.0,normal,0.0,background,0.0,safe,0.0,,ahead,1106.0,320.579710144927,250.0,243.49999999999818,862.5,100.0,2564.637681159416
143,DRV_ARJUN,TRIP_007,2024-10-25 10:28:00,300.0,0.09764128011315484,-0.011661253930316577,9.946148516404092,38.433436980998515,52.37980205939404,0.0,normal,0.0,background,0.0,safe,0.0,,ahead,1113.0,321.05769230769175,250.0,246.33333333333144,866.6666666666667,100.0,2568.461538461534
144,DRV_ARJUN,TRIP_007,2024-10-25 10:29:00,360.0,-0.08221005663995257,0.013642851640133121,10.00002394952404,44.101415227296286,51.601156220845695,0.0,normal,0.0,background,0.0,safe,0.0,,ahead,1120.0,321.5311004784684,250.0,249.1666666666648,870.8333333333334,100.0,2572.248803827747
145,DRV_ARJUN,TRIP_007,2024-10-25 10:30:00,420.0,-0.04798456685482823,-0.09954740047431088,9.687522455713452,38.97437687939976,51.04133987787639,0.0,normal,0.0,background,0.0,safe,0.0,,ahead,1127.0,321.9999999999995,250.0,251.99999999999818,875.0,100.0,2575.999999999996
146,DRV_ARJUN,TRIP_007,2024-10-25 10:31:00,480.0,0.04143093841235655,0.08139728151221806,16.5,36.7526167984518,53.30453805123237,0.0,normal,0.0,background,0.0,safe,0.0,,ahead,1134.0,322.4644549763028,250.0,254.83333333333155,879.1666666666666,100.0,2579.7156398104225
147,DRV_ARJUN,TRIP_007,2024-10-25 10:32:00,540.0,-0.04665133915707153,-0.06302332874009678,9.675700213729975,31.949053128996916,53.951082875272576,0.0,normal,0.0,background,0.0,safe,0.0,,ahead,1141.0,322.9245283018863,250.0,257.6666666666649,883.3333333333333,100.0,2583.3962264150905
148,DRV_ARJUN,TRIP_007,2024-10-25 10:33:00,600.0,0.058481215194329104,0.14088333458843555,9.905675972764376,46.56990450237272,50.01002742335036,0.0,normal,0.0,background,0.0,safe,0.0,,ahead,1148.0,323.38028169014035,250.0,260.4999999999982,887.5,100.0,2587.042253521123
149,DRV_ARJUN,TRIP_007,2024-10-25 10:34:00,660.0,-0.05922526801090986,-0.06709712204947327,9.859246677722012,32.75085767766244,52.057308375179716,0.0,normal,0.0,background,0.0,safe,0.0,,ahead,1155.0,323.83177570093403,250.0,263.33333333333144,891.6666666666667,100.0,2590.6542056074722
150,DRV_ARJUN,TRIP_007,2024-10-25 10:35:00,720.0,-0.13219673805787777,0.07692932560010213,9.786886035927074,36.93901896800448,49.321332051334515,0.0,normal,0.0,background,0.0,safe,0.0,,ahead,1162.0,324.27906976744134,250.0,266.1666666666648,895.8333333333334,100.0,2594.2325581395307
151,DRV_ARJUN,TRIP_007,2024-10-25 10:36:00,780.0,0.02634448927614493,0.03529356267332305,9.650064171858869,35.77538394616567,49.92920662751141,0.0,normal,0.0,background,0.0,safe,0.0,,ahead,1169.0,324.7222222222217,250.0,268.9999999999982,900.0,100.0,2597.7777777777737
152,DRV_ARJUN,TRIP_007,2024-10-25 10:37:00,840.0,0.0068000845871630175,-0.12628405735544132,9.910440130310677,32.53753443321134,51.66496671106651,0.0,normal,0.0,background,0.0,safe,0.0,,ahead,1176.0,325.16129032258016,250.0,271.83333333333155,904.1666666666666,100.0,2601.2903225806413
153,DRV_ARJUN,TRIP_007,2024-10-25 10:38:00,900.0,-0.08902228626197785,0.01248233582827619,9.840160514045607,33.378423675799134,54.82759285078404,0.0,normal,0.0,background,0.0,safe,0.0,,ahead,1183.0,325.59633027522887,250.0,274.6666666666648,908.3333333333334,100.0,2604.770642201831
154,DRV_ARJUN,TRIP_007,2024-10-25 10:39:00,960.0,-0.12371483189771415,0.009432557134698682,9.88537381963747,40.969935953277904,50.435511733747106,0.0,normal,0.0,background,0.0,safe,0.0,,ahead,1190.0,326.02739726027346,250.0,277.4999999999982,912.5,100.0,2608.2191780821877
155,DRV_ARJUN,TRIP_007,2024-10-25 10:40:00,1020.0,-0.019190747971814432,0.0021240371069287498,9.88532400243072,34.54802786978053,54.286784789156016,0.0,normal,0.0,background,0.0,safe,0.0,,ahead,1197.0,326.454545454545,250.0,280.33333333333155,916.6666666666666,100.0,2611.63636363636
156,DRV_ARJUN,TRIP_007,2024-10-25 10:41:00,1080.0,0.03955650391644826,-0.019499462337377812,9.667008017218874,37.010933858458884,51.1018586567176,0.0,normal,0.0,background,0.0,safe,0.0,,ahead,1204.0,326.87782805429816,250.0,283.1666666666649,920.8333333333333,100.0,2615.022624434385
157,DRV_ARJUN,TRIP_007,2024-10-25 10:42:00,1140.0,0.05398486658127842,0.018623445617841735,9.719397136507782,36.59038128280532,53.245150863722145,0.0,normal,0.0,background,0.0,safe,0.0,,ahead,1211.0,327.2972972972968,250.0,285.9999999999982,925.0,100.0,2618.3783783783742
158,DRV_ARJUN,TRIP_008,2024-10-25 10:53:00,0.0,0.029850284323446344,-0.16954192958902722,9.807234403633176,0.0,52.043836233078174,0.0,normal,0.0,background,0.0,safe,0.0,,ahead,1214.22,312.67525035765334,250.0,243.38888888888698,970.8333333333334,100.0,2501.4020028612267
159,DRV_ARJUN,TRIP_008,2024-10-25 10:54:00,60.0,-0.04417845002135527,-0.11736884028494007,9.694371344807344,0.0,54.50373420345608,0.0,normal,0.0,background,0.0,safe,0.0,,ahead,1217.44,312.1652421652417,250.0,242.44444444444252,975.0,100.0,2497.3219373219335
160,DRV_ARJUN,TRIP_008,2024-10-25 10:55:00,120.0,-0.0950767347329563,-0.0030188659061208827,9.941501121919803,0.0,53.69670135354002,0.0,normal,0.0,background,0.0,safe,0.0,,ahead,1220.67,311.6595744680846,250.0,241.49999999999807,979.1666666666666,100.0,2493.2765957446773
161,DRV_ARJUN,TRIP_008,2024-10-25 10:56:00,180.0,-0.09812277299876403,-0.010282092214912523,9.53493311295763,17.574264317716803,51.54018549700081,0.0,normal,0.0,background,0.0,safe,0.0,,ahead,1223.89,311.158192090395,250.0,240.5555555555536,983.3333333333333,100.0,2489.26553672316
162,DRV_ARJUN,TRIP_008,2024-10-25 10:57:00,240.0,0.034911241847159526,-0.7874717796616633,10.001550179166571,1.0392695162156218,51.21701892748769,0.0,normal,0.0,background,0.0,safe,0.0,,ahead,1227.11,310.66104078762254,250.0,239.61111111110904,987.5,100.0,2485.2883263009803
163,DRV_ARJUN,TRIP_008,2024-10-25 10:58:00,300.0,-0.03980282595414418,-0.05001830765590908,9.792200590342633,1.0392695162156218,56.42070844643332,0.0,normal,0.0,background,0.0,safe,0.0,,ahead,1230.33,310.16806722689023,250.0,238.66666666666447,991.6666666666667,100.0,2481.344537815122
164,DRV_ARJUN,TRIP_008,2024-10-25 10:59:00,360.0,-0.03155269694886044,0.04413360546640171,9.7118412262138,1.0392695162156218,52.342006936718235,0.0,normal,0.0,background,0.0,safe,0.0,,ahead,1233.56,309.6792189679214,250.0,237.72222222222,995.8333333333334,100.0,2477.433751743371
165,DRV_ARJUN,TRIP_008,2024-10-25 11:00:00,420.0,-0.042339533321124716,0.16263358453288923,10.048112425920905,8.34428315191404,54.07275661312483,0.0,normal,0.0,background,0.0,safe,0.0,,ahead,1236.78,309.1944444444439,250.0,236.77777777777555,1000.0,100.0,2473.555555555551
166,DRV_ARJUN,TRIP_008,2024-10-25 11:01:00,480.0,-0.03834667500652896,0.024905544660858828,9.529358468484523,15.683348986939553,50.7951423962727,0.0,normal,0.0,background,0.0,safe,0.0,,ahead,1240.0,308.7136929460575,250.0,235.8333333333311,1004.1666666666666,100.41666666666667,2469.70954356846
167,DRV_ARJUN,TRIP_008,2024-10-25 11:02:00,540.0,-0.03481381545683956,-0.10271879618739592,9.773433601321731,29.359971691214835,55.98630073678806,0.0,normal,0.0,background,0.0,safe,0.0,,ahead,1243.22,308.2369146005504,250.0,234.88888888888664,1008.3333333333333,100.83333333333333,2465.895316804403
168,DRV_ARJUN,TRIP_008,2024-10-25 11:03:00,600.0,0.00010029018683595768,-0.08461538321086633,9.948879166607156,20.57081371255038,51.749270064318154,0.0,normal,0.0,background,0.0,safe,0.0,,ahead,1246.44,307.76406035665235,250.0,233.94444444444207,1012.5,101.25,2462.112482853219
169,DRV_ARJUN,TRIP_008,2024-10-25 11:04:00,660.0,-0.07228503663248717,0.03238404277359447,10.160908219563948,16.315992572734636,52.29250823253881,0.0,normal,0.0,background,0.0,safe,0.0,,ahead,1249.67,307.2950819672125,250.0,232.9999999999976,1016.6666666666666,101.66666666666667,2458.3606557377
170,DRV_ARJUN,TRIP_008,2024-10-25 11:05:00,720.0,0.06447980228850203,-0.10279055566499049,9.663940855109061,22.459419848716088,49.872325794320815,0.0,normal,0.0,background,0.0,safe,0.0,,ahead,1252.89,306.82993197278853,250.0,232.05555555555316,1020.8333333333333,102.08333333333333,2454.6394557823082
171,DRV_ARJUN,TRIP_008,2024-10-25 11:06:00,780.0,-0.03615721463257674,0.0529458849304833,9.881758598041776,10.755156393674042,49.61230314975689,0.0,normal,0.0,background,0.0,safe,0.0,,ahead,1256.11,306.3685636856363,250.0,231.11111111110858,1025.0,102.5,2450.94850948509
172,DRV_ARJUN,TRIP_008,2024-10-25 11:07:00,840.0,0.02813819821167027,-0.485243339855849,9.762374205762528,3.750550851915081,49.8782308411403,0.0,normal,0.0,background,0.0,safe,0.0,,ahead,1259.33,305.9109311740885,250.0,230.16666666666424,1029.1666666666665,102.91666666666666,2447.287449392708
173,DRV_ARJUN,TRIP_008,2024-10-25 11:08:00,900.0,-0.04880011071314581,-0.024726560290200653,10.353153898890994,3.750550851915081,52.79203696083959,0.0,normal,0.0,background,0.0,safe,0.0,,ahead,1262.56,305.4569892473112,250.0,229.22222222221944,1033.3333333333335,103.33333333333336,2443.6559139784895
174,DRV_ARJUN,TRIP_008,2024-10-25 11:09:00,960.0,0.03707703561636927,0.16688601358988683,9.697291630861594,3.750550851915081,48.76977176422043,0.0,normal,0.0,background,0.0,safe,0.0,,ahead,1265.78,305.0066934404277,250.0,228.2777777777751,1037.5,103.75,2440.0535475234215
175,DRV_ARJUN,TRIP_008,2024-10-25 11:10:00,1020.0,-0.05877369519623719,-0.05067123013994821,9.658752594657788,18.6628423831712,51.75256159637361,0.0,normal,0.0,background,0.0,safe,0.0,,ahead,1269.0,304.5599999999993,250.0,227.33333333333053,1041.6666666666667,104.16666666666669,2436.4799999999946
176,DRV_ARJUN,TRIP_008,2024-10-25 11:11:00,1080.0,-0.021758443576368115,-0.06203246048409778,9.83231918741627,15.105154760749201,51.65473563797206,0.0,normal,0.0,background,0.0,safe,0.0,,ahead,1272.22,304.11686586985326,250.0,226.38888888888596,1045.8333333333335,104.58333333333336,2432.934926958826
177,DRV_ARJUN,TRIP_008,2024-10-25 11:12:00,1140.0,0.03711214723217691,0.06940935262009737,9.711367358153355,15.163299937978632,49.838689330878104,0.0,normal,0.0,background,0.0,safe,0.0,,ahead,1275.44,303.677248677248,250.0,225.44444444444161,1050.0,105.0,2429.417989417984
178,DRV_ARJUN,TRIP_008,2024-10-25 11:13:00,1200.0,-0.0987589198532088,0.11546905373999307,9.939318569867897,26.267132173123198,50.458716578155645,0.0,normal,0.0,background,0.0,safe,0.0,,ahead,1278.67,303.2411067193669,250.0,224.49999999999704,1054.1666666666667,105.41666666666669,2425.928853754935
179,DRV_ARJUN,TRIP_008,2024-10-25 11:14:00,1260.0,-0.02283867394955646,-0.00266244876363802,9.850527053091495,20.20064723552147,54.1063973111612,0.0,normal,0.0,background,0.0,safe,0.0,,ahead,1281.89,302.80839895013054,250.0,223.5555555555527,1058.3333333333333,105.83333333333333,2422.4671916010443
180,DRV_ARJUN,TRIP_008,2024-10-25 11:15:00,1320.0,0.03245480858098642,-0.06568470775184636,9.599239224895408,21.883914726529884,49.1747072881484,0.0,normal,0.0,background,0.0,safe,0.0,,ahead,1285.11,302.37908496731956,250.0,222.61111111110813,1062.5,106.25,2419.0326797385565
181,DRV_ARJUN,TRIP_008,2024-10-25 11:16:00,1380.0,-0.05473673106593612,-0.061719327310419646,9.594506454461468,17.872188494263103,53.32940308388754,0.0,normal,0.0,background,0.0,safe,0.0,,ahead,1288.33,301.9531249999993,250.0,221.66666666666356,1066.6666666666667,106.66666666666669,2415.6249999999945
182,DRV_ARJUN,TRIP_008,2024-10-25 11:17:00,1440.0,0.04173151924509511,-0.5252574976712158,9.923272602508233,3.589802143283464,53.8824176282176,0.0,normal,0.0,background,0.0,safe,0.0,,ahead,1291.56,301.5304798962379,250.0,220.72222222221922,1070.8333333333333,107.08333333333333,2412.2438391699034
183,DRV_ARJUN,TRIP_008,2024-10-25 11:18:00,1500.0,0.03913792254796966,-0.04242877518939278,10.030741327550686,3.589802143283464,53.14969066578612,0.0,normal,0.0,background,0.0,safe,0.0,,ahead,1294.78,301.1111111111104,250.0,219.77777777777465,1075.0,107.5,2408.8888888888832
184,DRV_ARJUN,TRIP_008,2024-10-25 11:19:00,1560.0,0.02524774039722509,0.09327415175737341,9.782935018630956,3.589802143283464,50.99830694468894,0.0,normal,0.0,background,0.0,safe,0.0,,ahead,1298.0,300.69498069497996,250.0,218.8333333333303,1079.1666666666665,107.91666666666666,2405.5598455598397
185,DRV_ARJUN,TRIP_008,2024-10-25 11:20:00,1620.0,0.0327035019656183,-0.008170192401232972,10.063869412024486,11.354477698895831,53.18996324832556,0.0,normal,0.0,background,0.0,safe,0.0,,ahead,1301.22,300.28205128205053,250.0,217.88888888888573,1083.3333333333333,108.33333333333333,2402.2564102564043
186,DRV_ARJUN,TRIP_008,2024-10-25 11:21:00,1680.0,-0.012554936668025376,0.11326585417539674,9.71118333841023,18.37529081464553,52.74664358089517,0.0,normal,0.0,background,0.0,safe,0.0,,ahead,1304.44,299.8722860791819,250.0,216.94444444444116,1087.5,108.75,2398.978288633455
187,DRV_ARJUN,TRIP_008,2024-10-25 11:22:00,1740.0,-0.14534796497829866,-0.07640014675832033,10.194505017234588,13.263845183337033,57.32430258303455,0.0,normal,0.0,background,0.0,safe,0.0,,ahead,1307.67,299.4656488549611,250.0,215.99999999999682,1091.6666666666665,109.16666666666666,2395.725190839689
188,DRV_ARJUN,TRIP_008,2024-10-25 11:23:00,1800.0,0.03305714338400739,0.02874687705972193,9.691399734069288,14.929171069321024,50.362957408060616,0.0,normal,0.0,background,0.0,safe,0.0,,ahead,1310.89,299.0621039290233,250.0,215.05555555555202,1095.8333333333335,109.58333333333336,2392.4968314321864
189,DRV_ARJUN,TRIP_008,2024-10-25 11:24:00,1860.0,-0.06826527470227166,0.05046756486756977,9.71190205890514,21.347187857561895,52.00369009911319,0.0,normal,0.0,background,0.0,safe,0.0,,ahead,1314.11,298.66161616161537,250.0,214.11111111110768,1100.0,110.0,2389.292929292923
190,DRV_ARJUN,TRIP_008,2024-10-25 11:25:00,1920.0,-0.08972948671539113,0.18152416146958283,9.728396282453526,31.569046213109747,53.01765213637869,0.0,normal,0.0,background,0.0,safe,0.0,,ahead,1317.33,298.2641509433954,250.0,213.1666666666631,1104.1666666666667,110.41666666666669,2386.1132075471633
191,DRV_ARJUN,TRIP_008,2024-10-25 11:26:00,1980.0,0.054458577351856045,-0.051759157368336375,9.752100760283344,21.58072019947856,51.101636117641,0.0,normal,0.0,background,0.0,safe,0.0,,ahead,1320.56,297.8696741854628,250.0,212.22222222221853,1108.3333333333335,110.83333333333336,2382.9573934837026
192,DRV_ARJUN,TRIP_008,2024-10-25 11:27:00,2040.0,0.07572530467018304,-0.859095791205932,9.75274074767437,2.7642981153344772,52.67620210926261,0.0,normal,0.0,background,0.0,safe,0.0,,ahead,1323.78,297.47815230961214,250.0,211.2777777777742,1112.5,111.25,2379.825218476897
193,DRV_ARJUN,TRIP_008,2024-10-25 11:28:00,2100.0,-0.002713675383254718,-0.039249056499397104,9.819128366815258,2.7642981153344772,52.29712461303958,0.0,normal,0.0,background,0.0,safe,0.0,,ahead,1327.0,297.08955223880514,250.0,210.33333333332962,1116.6666666666667,111.66666666666669,2376.716417910441
194,DRV_ARJUN,TRIP_008,2024-10-25 11:29:00,2160.0,-0.05529172107512385,-0.08626670436054411,9.903761102425445,2.7642981153344772,49.94049399342826,0.0,normal,0.0,background,0.0,safe,0.0,,ahead,1330.22,296.70384138785545,250.0,209.38888888888528,1120.8333333333333,112.08333333333333,2373.6307311028436
195,DRV_ARJUN,TRIP_008,2024-10-25 11:30:00,2220.0,0.06911931722413064,-0.03416712647595615,9.822023709730264,18.773346004245536,51.26167562416866,0.0,normal,0.0,background,0.0,safe,0.0,,ahead,1333.44,296.32098765432016,250.0,208.4444444444407,1125.0,112.5,2370.5679012345613
196,DRV_ARJUN,TRIP_008,2024-10-25 11:31:00,2280.0,0.11481287147313365,0.008394233818642134,9.925780192380119,20.70038735595888,48.277004128166965,0.0,normal,0.0,background,0.0,safe,0.0,,ahead,1336.67,295.94095940959323,250.0,207.49999999999613,1129.1666666666667,112.91666666666669,2367.527675276746
197,DRV_ARJUN,TRIP_008,2024-10-25 11:32:00,2340.0,-0.034779563926637995,-0.025463568738099168,9.879347214009462,13.866006823238711,54.10877861074782,0.0,normal,0.0,background,0.0,safe,0.0,,ahead,1339.89,295.5637254901952,250.0,206.5555555555518,1133.3333333333333,113.33333333333333,2364.509803921562
198,DRV_ARJUN,TRIP_008,2024-10-25 11:33:00,2400.0,0.0029736397331496423,-0.00569417549841594,9.608289298582047,11.378738369011813,51.2711605750523,0.0,normal,0.0,background,0.0,safe,0.0,,ahead,1343.11,295.18925518925437,250.0,205.61111111110722,1137.5,113.75,2361.514041514035
199,DRV_ARJUN,TRIP_008,2024-10-25 11:34:00,2460.0,-0.0604491536465658,-0.09628200206968643,9.784516036493816,22.72585424386636,53.436634353754364,0.0,normal,0.0,background,0.0,safe,0.0,,ahead,1346.33,294.81751824817434,250.0,204.66666666666288,1141.6666666666665,114.16666666666666,2358.5401459853947
200,DRV_ARJUN,TRIP_008,2024-10-25 11:35:00,2520.0,-0.025165271797529358,-0.1272283294302637,9.966414354159888,18.53558022189168,50.54490021758991,0.0,normal,0.0,background,0.0,safe,0.0,,ahead,1349.56,294.448484848484,250.0,203.7222222222183,1145.8333333333333,114.58333333333333,2355.587878787872
201,DRV_ARJUN,TRIP_008,2024-10-25 11:36:00,2580.0,-0.0390065734762964,0.07702601045058541,10.073053317166403,13.167149029600072,53.56436358594039,0.0,normal,0.0,background,0.0,safe,0.0,,ahead,1352.78,294.08212560386386,250.0,202.77777777777374,1150.0,115.0,2352.657004830911
202,DRV_ARJUN,TRIP_008,2024-10-25 11:37:00,2640.0,-0.006417283466158612,-0.09485960535360588,10.22327003585746,21.671049023159313,55.03996457279,0.0,normal,0.0,background,0.0,safe,0.0,,ahead,1356.0,293.7184115523457,250.0,201.8333333333294,1154.1666666666665,115.41666666666666,2349.7472924187655
203,DRV_ARJUN,TRIP_009,2024-10-25 11:48:00,0.0,-0.012458065815723746,-0.07634691920029743,9.74542771285463,0.0,52.54700849163423,0.0,normal,0.0,background,0.0,safe,0.0,,ahead,1369.25,285.26041666666583,250.0,169.2499999999959,1200.0,120.0,2282.0833333333267
204,DRV_ARJUN,TRIP_009,2024-10-25 11:49:00,60.0,-0.045504479148894425,-0.0005726986752089251,9.897965369147778,0.0,53.18185763020405,0.0,normal,0.0,background,0.0,safe,0.0,,ahead,1382.5,287.0242214532864,250.0,178.3333333333294,1204.1666666666665,120.41666666666666,2296.193771626291
205,DRV_ARJUN,TRIP_009,2024-10-25 11:50:00,120.0,-0.04735630900411048,-0.005627745243131854,10.19972265279965,0.0,50.579554184516695,0.0,normal,0.0,background,0.0,safe,0.0,,ahead,1395.75,288.77586206896467,250.0,187.41666666666265,1208.3333333333333,120.83333333333333,2310.2068965517174
206,DRV_ARJUN,TRIP_009,2024-10-25 11:51:00,180.0,-0.02256337258055208,-0.10734167734487389,10.143190656509937,37.58772005946208,51.1188060368335,0.0,normal,0.0,background,0.0,safe,0.0,,ahead,1409.0,290.5154639175249,250.0,196.4999999999959,1212.5,121.25,2324.1237113401994
207,DRV_ARJUN,TRIP_009,2024-10-25 11:52:00,240.0,-0.01871292513200794,0.09045908335774813,9.935815288831229,34.139491547998375,51.985576156354774,0.0,normal,0.0,background,0.0,safe,0.0,,ahead,1422.25,292.2431506849307,250.0,205.5833333333294,1216.6666666666665,121.66666666666666,2337.9452054794456
208,DRV_ARJUN,TRIP_009,2024-10-25 11:53:00,300.0,-0.007857331189284986,-0.06992851328848998,9.75596547200704,38.3243123732532,51.41328983534407,0.0,normal,0.0,background,0.0,safe,0.0,,ahead,1435.5,293.9590443685998,250.0,214.66666666666242,1220.8333333333335,122.08333333333336,2351.6723549487983
209,DRV_ARJUN,TRIP_009,2024-10-25 11:54:00,360.0,-0.03030002758555178,-0.041083686820096686,9.751713678131551,29.375630347400097,53.075843083652565,0.0,normal,0.0,background,0.0,safe,0.0,,ahead,1448.75,295.6632653061216,250.0,223.7499999999959,1225.0,122.5,2365.306122448973
210,DRV_ARJUN,TRIP_009,2024-10-25 11:55:00,420.0,0.022792867804433223,-0.02191421732138909,9.912823007671665,35.76550160916608,54.47116269472466,0.0,normal,0.0,background,0.0,safe,0.0,,ahead,1462.0,297.355932203389,250.0,232.83333333332916,1229.1666666666667,122.91666666666669,2378.847457627112
211,DRV_ARJUN,TRIP_009,2024-10-25 11:56:00,480.0,-0.022493857217358706,-0.05053426592995363,9.678513976678552,30.580581044766674,49.20030367657199,0.0,normal,0.0,background,0.0,safe,0.0,,ahead,1475.25,299.03716216216134,250.0,241.91666666666242,1233.3333333333335,123.33333333333336,2392.2972972972907
212,DRV_ARJUN,TRIP_009,2024-10-25 11:57:00,540.0,-0.04798405933940082,-0.015654535973224075,9.638559622612224,41.03251852658687,53.73316801903732,0.0,normal,0.0,background,0.0,safe,0.0,,ahead,1488.5,300.7070707070699,250.0,250.9999999999959,1237.5,123.75,2405.656565656559
213,DRV_ARJUN,TRIP_009,2024-10-25 11:58:00,600.0,-0.023277392004351957,0.12355008452297978,9.78767449260152,37.52588971366634,52.751215006887335,0.0,normal,0.0,background,0.0,safe,0.0,,ahead,1501.75,302.3657718120797,250.0,260.08333333332916,1241.6666666666667,124.16666666666669,2418.9261744966375
214,DRV_ARJUN,TRIP_009,2024-10-25 11:59:00,660.0,-0.04955690915451403,-0.03138061677727422,9.98283938161247,34.44313467473604,48.261077119407695,0.0,normal,0.0,background,0.0,safe,0.0,,ahead,1515.0,304.01337792642056,250.0,269.16666666666265,1245.8333333333333,124.58333333333333,2432.1070234113645
215,DRV_ARJUN,TRIP_009,2024-10-25 12:00:00,720.0,-0.03117322458236373,-0.010064288110355313,9.993183822371057,34.28429439887949,48.393267267515846,0.0,normal,0.0,background,0.0,safe,0.0,,ahead,1528.25,305.6499999999992,250.0,278.2499999999959,1250.0,125.0,2445.1999999999935
216,DRV_ARJUN,TRIP_009,2024-10-25 12:01:00,780.0,0.01846232762589215,-0.01811796177201339,10.033923123316367,35.849307485873005,50.675592767007025,0.0,normal,0.0,background,0.0,safe,0.0,,ahead,1541.5,307.27574750830485,250.0,287.33333333332916,1254.1666666666667,125.41666666666669,2458.2059800664388
217,DRV_ARJUN,TRIP_009,2024-10-25 12:02:00,840.0,-0.07486084894621456,-0.04167850715086813,9.919738520094496,26.843986129623737,52.16312899509333,0.0,normal,0.0,background,0.0,safe,0.0,,ahead,1554.75,308.8907284768204,250.0,296.41666666666265,1258.3333333333333,125.83333333333333,2471.1258278145633
218,DRV_ARJUN,TRIP_009,2024-10-25 12:03:00,900.0,-0.06852172907392431,-0.07111745465867646,9.899976075782382,41.917809902800514,53.67305190553201,0.0,normal,0.0,background,0.0,safe,0.0,,ahead,1568.0,310.4950495049497,250.0,305.4999999999959,1262.5,126.25,2483.9603960395975
219,DRV_ARJUN,TRIP_009,2024-10-25 12:04:00,960.0,-0.003946730648795147,-0.043322424563268486,9.737259155909666,40.77391860412412,53.82854654993836,0.0,normal,0.0,background,0.0,safe,0.0,,ahead,1581.25,312.0888157894729,250.0,314.5833333333294,1266.6666666666665,126.66666666666666,2496.710526315783
220,DRV_ARJUN,TRIP_009,2024-10-25 12:05:00,1020.0,-0.008419389822190123,0.04916504334303753,9.816988520427481,38.04929438233137,50.97263167341097,0.0,normal,0.0,background,0.0,safe,0.0,,ahead,1594.5,313.6721311475402,250.0,323.66666666666265,1270.8333333333333,127.08333333333333,2509.3770491803216
221,DRV_ARJUN,TRIP_009,2024-10-25 12:06:00,1080.0,-0.015027680473895225,-0.07103709091378821,9.854214422934705,36.70669085790372,48.06024909121499,0.0,normal,0.0,background,0.0,safe,0.0,,ahead,1607.75,315.2450980392149,250.0,332.7499999999959,1275.0,127.5,2521.960784313719
222,DRV_ARJUN,TRIP_009,2024-10-25 12:07:00,1140.0,-0.005424307739462513,-0.034228787427475114,9.774524015124694,43.0801839208823,52.84382298618529,0.0,normal,0.0,background,0.0,safe,0.0,,ahead,1621.0,316.8078175895758,250.0,341.8333333333294,1279.1666666666665,127.91666666666666,2534.4625407166063
223,DRV_ARJUN,TRIP_009,2024-10-25 12:08:00,1200.0,0.10236652530071581,0.10537590986773519,9.860829027242085,40.58980248135877,53.961831059330585,0.0,normal,0.0,background,0.0,safe,0.0,,ahead,1634.25,318.3603896103888,250.0,350.9166666666624,1283.3333333333335,128.33333333333334,2546.8831168831102
224,DRV_ARJUN,TRIP_009,2024-10-25 12:09:00,1260.0,-0.06851265394947016,-0.21467544889492068,10.106992002488905,37.75698766306165,49.781523167950965,0.0,normal,0.0,background,0.0,safe,0.0,,ahead,1647.5,319.9029126213584,250.0,359.9999999999959,1287.5,128.75,2559.223300970867
225,DRV_ARJUN,TRIP_009,2024-10-25 12:10:00,1320.0,-0.022933902002092298,-0.04332649411024995,9.89675512499985,37.0975710860414,57.23006415377461,0.0,normal,0.0,background,0.0,safe,0.0,,ahead,1660.75,321.43548387096695,250.0,369.08333333332916,1291.6666666666667,129.16666666666669,2571.4838709677356
226,DRV_ARJUN,TRIP_009,2024-10-25 12:11:00,1380.0,0.01908728105522426,0.035565703448231234,10.090372990699212,31.49065494836939,50.93082160213929,0.0,normal,0.0,background,0.0,safe,0.0,,ahead,1674.0,322.95819935691236,250.0,378.1666666666624,1295.8333333333335,129.58333333333334,2583.665594855299
227,DRV_ARJUN,TRIP_009,2024-10-25 12:12:00,1440.0,0.006675318342890789,-0.11407511487700561,9.66002334354201,37.37611858792619,51.28614651358226,0.0,normal,0.0,background,0.0,safe,0.0,,ahead,1687.25,324.4711538461531,250.0,387.2499999999959,1300.0,130.0,2595.7692307692246
228,DRV_ARJUN,TRIP_009,2024-10-25 12:13:00,1500.0,-0.030779757748658054,-0.03441503019857373,9.70370905599033,42.62539997974535,50.165196416029325,0.0,normal,0.0,background,0.0,safe,0.0,,ahead,1700.5,325.9744408945679,250.0,396.33333333332916,1304.1666666666667,130.41666666666669,2607.7955271565434
229,DRV_ARJUN,TRIP_009,2024-10-25 12:14:00,1560.0,0.07914321483287692,0.026876962051296156,9.733585284772555,37.91214171536165,51.098562970645595,0.0,normal,0.0,background,0.0,safe,0.0,,ahead,1713.75,327.46815286624127,250.0,405.41666666666265,1308.3333333333333,130.83333333333334,2619.74522292993
230,DRV_ARJUN,TRIP_009,2024-10-25 12:15:00,1620.0,-0.05864062959196613,-0.007553788960271061,9.844944326038421,38.455711708168735,58.09490319830782,0.0,normal,0.0,background,0.0,safe,0.0,,ahead,1727.0,328.95238095238017,250.0,414.4999999999959,1312.5,131.25,2631.6190476190413
231,DRV_ARJUN,TRIP_009,2024-10-25 12:16:00,1680.0,0.01519733771177862,0.009907689556572908,9.703698130200555,32.928123070239074,49.4415657971128,0.0,normal,0.0,background,0.0,safe,0.0,,ahead,1740.25,330.42721518987264,250.0,423.58333333332916,1316.6666666666667,131.66666666666669,2643.417721518981
232,DRV_ARJUN,TRIP_009,2024-10-25 12:17:00,1740.0,-0.0033117702869714266,-0.09704508375810847,9.91583589161458,37.245414418054686,51.952229725026704,0.0,normal,0.0,background,0.0,safe,0.0,,ahead,1753.5,331.8927444794945,250.0,432.66666666666265,1320.8333333333333,132.08333333333334,2655.141955835956
233,DRV_ARJUN,TRIP_009,2024-10-25 12:18:00,1800.0,-0.05337726705999324,0.10893763628851579,9.648027373207317,36.29031569621213,52.950263858182716,0.0,normal,0.0,background,0.0,safe,0.0,,ahead,1766.75,333.34905660377285,250.0,441.7499999999959,1325.0,132.5,2666.792452830183
234,DRV_ARJUN,TRIP_009,2024-10-25 12:19:00,1860.0,0.0755439289592026,0.0847550588718813,10.066613806303153,38.74356024439766,51.3768341040379,0.0,normal,0.0,background,0.0,safe,0.0,,ahead,1780.0,334.79623824451335,250.0,450.8333333333294,1329.1666666666665,132.91666666666666,2678.369905956107
235,DRV_ARJUN,TRIP_009,2024-10-25 12:20:00,1920.0,0.07198294473502231,-0.0664348228373295,9.651569969945472,31.719095512132327,49.10920929999149,0.0,normal,0.0,background,0.0,safe,0.0,,ahead,1793.25,336.23437499999926,250.0,459.91666666666265,1333.3333333333333,133.33333333333334,2689.874999999994
236,DRV_ARJUN,TRIP_009,2024-10-25 12:21:00,1980.0,-0.027434442274440814,0.07926268759056804,9.889318294716626,35.922888618118485,52.35001814131517,0.0,normal,0.0,background,0.0,safe,0.0,,ahead,1806.5,337.6635514018684,250.0,468.9999999999959,1337.5,133.75,2701.3084112149472
237,DRV_ARJUN,TRIP_009,2024-10-25 12:22:00,2040.0,0.0041462213604389,0.12349267966348627,9.820034231247137,32.586849122088246,52.89084829172766,0.0,normal,0.0,background,0.0,safe,0.0,,ahead,1819.75,339.0838509316763,250.0,478.0833333333294,1341.6666666666665,134.16666666666666,2712.6708074534104
238,DRV_ARJUN,TRIP_009,2024-10-25 12:23:00,2100.0,-0.1010331504789318,0.07287142078318218,9.497798908091303,40.66388606502187,54.64877086880137,0.0,normal,0.0,background,0.0,safe,0.0,,ahead,1833.0,340.49535603715094,250.0,487.1666666666624,1345.8333333333335,134.58333333333334,2723.9628482972075
239,DRV_ARJUN,TRIP_009,2024-10-25 12:24:00,2160.0,-0.04797067162813516,-0.16532596576594585,9.691199580042694,38.76572421761591,52.28572419861565,0.0,normal,0.0,background,0.0,safe,0.0,,ahead,1846.25,341.89814814814736,250.0,496.2499999999959,1350.0,135.0,2735.185185185179
240,DRV_ARJUN,TRIP_009,2024-10-25 12:25:00,2220.0,0.008456919580602962,-0.004478522114681359,9.883543120385639,32.54060538026133,51.68548296212487,0.0,normal,0.0,background,0.0,safe,0.0,,ahead,1859.5,343.2923076923069,250.0,505.33333333332916,1354.1666666666667,135.41666666666669,2746.3384615384552
241,DRV_ARJUN,TRIP_009,2024-10-25 12:26:00,2280.0,-0.05176910681985934,0.13864346518052853,9.932196035667184,43.395650106435184,51.01946320984511,0.0,normal,0.0,background,0.0,safe,0.0,,ahead,1872.75,344.6779141104287,250.0,514.4166666666624,1358.3333333333335,135.83333333333334,2757.4233128834294
242,DRV_ARJUN,TRIP_009,2024-10-25 12:27:00,2340.0,0.03540073416418566,0.027023263613451202,9.759908011087807,34.01632801750028,51.56192901067756,0.0,normal,0.0,background,0.0,safe,0.0,,ahead,1886.0,346.0550458715589,250.0,523.4999999999959,1362.5,136.25,2768.440366972471
243,DRV_ARJUN,TRIP_010,2024-10-25 12:38:00,0.0,-0.02856915304918202,0.2176259917248882,9.672600224708813,0.0,50.48871796408464,0.0,normal,0.0,background,0.0,safe,0.0,,ahead,1893.57,336.1369399830931,250.0,485.2380952380911,1408.3333333333335,140.83333333333334,2689.095519864745
244,DRV_ARJUN,TRIP_010,2024-10-25 12:39:00,60.0,-0.01998583229318212,-0.03664086752927178,9.80402873720026,0.0,54.20177773847681,0.0,normal,0.0,background,0.0,safe,0.0,,ahead,1901.14,336.4854614412129,250.0,488.64285714285325,1412.5,141.25,2691.8836915297034
245,DRV_ARJUN,TRIP_010,2024-10-25 12:40:00,120.0,-0.14069925055883697,0.08625911198236398,10.022659182384858,0.0,49.58986289912426,0.0,normal,0.0,background,0.0,safe,0.0,,ahead,1908.71,336.8319327731086,250.0,492.04761904761517,1416.6666666666667,141.66666666666669,2694.6554621848686
246,DRV_ARJUN,TRIP_010,2024-10-25 12:41:00,180.0,0.00971488843089189,-0.12186236753980575,9.842727815848079,31.65146147678075,51.3670886221276,0.0,normal,0.0,background,0.0,safe,0.0,,ahead,1916.29,337.17637201508103,250.0,495.4523809523771,1420.8333333333335,142.08333333333334,2697.4109761206482
247,DRV_ARJUN,TRIP_010,2024-10-25 12:42:00,240.0,-0.05298795543912322,-0.04614883714800732,9.943205348559118,37.01547506785394,51.62861157415952,0.0,normal,0.0,background,0.0,safe,0.0,,ahead,1923.86,337.51879699248053,250.0,498.85714285713925,1425.0,142.5,2700.1503759398443
248,DRV_ARJUN,TRIP_010,2024-10-25 12:43:00,300.0,0.045948860911670365,-0.038009014644436095,10.008192891499698,42.992228564338745,53.24813373813693,0.0,normal,0.0,background,0.0,safe,0.0,,ahead,1931.43,337.8592253227815,250.0,502.2619047619012,1429.1666666666667,142.91666666666669,2702.873802582252
249,DRV_ARJUN,TRIP_010,2024-10-25 12:44:00,360.0,0.03471490693777703,-0.019452078875807383,9.74242911830562,35.19768241410547,54.85494344759709,0.0,normal,0.0,background,0.0,safe,0.0,,ahead,1939.0,338.19767441860404,250.0,505.66666666666333,1433.3333333333333,143.33333333333334,2705.5813953488323
250,DRV_ARJUN,TRIP_010,2024-10-25 12:45:00,420.0,-0.06622203699997317,0.10359731155623587,9.84173545986672,35.21725850260973,53.41038215637828,0.0,normal,0.0,background,0.0,safe,0.0,,ahead,1946.57,338.53416149068266,250.0,509.07142857142526,1437.5,143.75,2708.2732919254613
251,DRV_ARJUN,TRIP_010,2024-10-25 12:46:00,480.0,0.015597910380934712,0.09170548964213593,9.84962962645342,33.80649210151597,48.9883254214094,0.0,normal,0.0,background,0.0,safe,0.0,,ahead,1954.14,338.86870355078395,250.0,512.4761904761872,1441.6666666666667,144.16666666666669,2710.9496284062716
252,DRV_ARJUN,TRIP_010,2024-10-25 12:47:00,540.0,-0.0838144006994489,-0.023095338933186223,9.558358855762089,39.79195392845403,50.86768521037078,0.0,normal,0.0,background,0.0,safe,0.0,,ahead,1961.71,339.20131741457334,250.0,515.8809523809493,1445.8333333333333,144.58333333333334,2713.6105393165867
253,DRV_ARJUN,TRIP_010,2024-10-25 12:48:00,600.0,-0.07552940217741914,-0.03669710293597006,9.710062644408138,44.34386849194863,50.16407176542819,0.0,normal,0.0,background,0.0,safe,0.0,,ahead,1969.29,339.53201970443297,250.0,519.2857142857113,1450.0,145.0,2716.2561576354638
254,DRV_ARJUN,TRIP_010,2024-10-25 12:49:00,660.0,0.04389430338003312,-0.026520765541622117,9.753398918994888,39.40233064477944,51.923863868028405,0.0,normal,0.0,background,0.0,safe,0.0,,ahead,1976.86,339.8608268522304,250.0,522.6904761904734,1454.1666666666665,145.41666666666666,2718.886614817843
255,DRV_ARJUN,TRIP_010,2024-10-25 12:50:00,720.0,0.05469780787323025,-0.009709132802058993,9.703808486221103,33.07163530209532,51.00857936129927,0.0,normal,0.0,background,0.0,safe,0.0,,ahead,1984.43,340.18775510204034,250.0,526.0952380952353,1458.3333333333333,145.83333333333334,2721.5020408163227
256,DRV_ARJUN,TRIP_010,2024-10-25 12:51:00,780.0,0.11146325309691442,-0.034320393167946224,9.665204633825567,36.779138350398114,52.49854256468789,0.0,normal,0.0,background,0.0,safe,0.0,,ahead,1992.0,340.51282051282004,250.0,529.4999999999973,1462.5,146.25,2724.1025641025603
257,DRV_ARJUN,TRIP_010,2024-10-25 12:52:00,840.0,0.03609334816914586,-9.5,9.957438435960754,31.338050468521757,50.144518851456716,0.0,road_noise,0.05,background,0.0,safe,0.0275,,ahead,1999.57,340.8360389610385,250.0,532.9047619047594,1466.6666666666665,146.66666666666666,2726.688311688308
258,DRV_ARJUN,TRIP_010,2024-10-25 12:53:00,900.0,-0.010304905185780444,0.04770528251641608,10.0194383483918,37.95582453814617,52.52026428698802,0.0,normal,0.0,background,0.0,safe,0.0,,ahead,2007.14,341.1574261432614,250.0,536.3095238095211,1470.8333333333335,147.08333333333334,2729.259409146091
259,DRV_ARJUN,TRIP_010,2024-10-25 12:54:00,960.0,-0.05918469002138721,0.024079345589512743,9.710512945097642,35.14253479245336,50.56921094060201,0.0,normal,0.0,background,0.0,safe,0.0,,ahead,2014.71,341.4769975786921,250.0,539.7142857142833,1475.0,147.5,2731.8159806295366
260,DRV_ARJUN,TRIP_010,2024-10-25 12:55:00,1020.0,-0.1460814539265626,0.01131799720789885,9.745566014903531,35.74011357633535,53.89140318181701,0.0,normal,0.0,background,0.0,safe,0.0,,ahead,2022.29,341.7947686116696,250.0,543.1190476190452,1479.1666666666667,147.91666666666669,2734.358148893357
261,DRV_ARJUN,TRIP_010,2024-10-25 12:56:00,1080.0,-0.010443264998082066,-0.031532282807461155,9.761359387003397,32.299305291771,51.54179883349618,0.0,normal,0.0,background,0.0,safe,0.0,,ahead,2029.86,342.1107544141248,250.0,546.5238095238071,1483.3333333333335,148.33333333333334,2736.8860353129985
262,DRV_ARJUN,TRIP_010,2024-10-25 12:57:00,1140.0,0.016469063447939532,0.030867325244742245,9.864710172108472,39.61743492855911,53.79170889669965,0.0,normal,0.0,background,0.0,safe,0.0,,ahead,2037.43,342.4249699879948,250.0,549.9285714285693,1487.5,148.75,2739.3997599039585
263,DRV_ARJUN,TRIP_010,2024-10-25 12:58:00,1200.0,-0.016109420805339347,-0.04560708896629687,9.87651816489107,34.76487641823744,49.68847092926903,0.0,normal,0.0,background,0.0,safe,0.0,,ahead,2045.0,342.73743016759744,250.0,553.3333333333312,1491.6666666666667,149.16666666666669,2741.8994413407795
264,DRV_ARJUN,TRIP_010,2024-10-25 12:59:00,1260.0,0.0021159575284326656,0.06707887710295661,9.864811286361151,36.61137211384771,53.097490595486846,0.0,normal,0.0,background,0.0,safe,0.0,,ahead,2052.57,343.0481496219654,250.0,556.7380952380934,1495.8333333333333,149.58333333333334,2744.3851969757234
265,DRV_ARJUN,TRIP_010,2024-10-25 13:00:00,1320.0,-0.03939207309892579,-0.09106757367243713,9.628419222355607,41.7911987775265,50.395660913722054,0.0,normal,0.0,background,0.0,safe,0.0,,ahead,2060.14,343.3571428571425,250.0,560.1428571428551,1500.0,150.0,2746.85714285714
266,DRV_ARJUN,TRIP_010,2024-10-25 13:01:00,1380.0,0.12917039045613601,-0.1712079692536712,9.444330006377893,35.43590309934326,55.266250238277365,0.0,normal,0.0,background,0.0,safe,0.0,,ahead,2067.71,343.6644242184405,250.0,563.5476190476168,1504.1666666666667,150.41666666666669,2749.315393747524
267,DRV_ARJUN,TRIP_010,2024-10-25 13:02:00,1440.0,-0.06302349892932664,-0.009008146278110835,9.939535833428224,29.80647745923997,49.485562175563786,0.0,normal,0.0,background,0.0,safe,0.0,,ahead,2075.29,343.97000789265945,250.0,566.9523809523787,1508.3333333333333,150.83333333333334,2751.7600631412756
268,DRV_ARJUN,TRIP_010,2024-10-25 13:03:00,1500.0,0.03515574638530671,-0.033104971986981965,9.703433641726724,29.09412041562103,51.45577906064231,0.0,normal,0.0,background,0.0,safe,0.0,,ahead,2082.86,344.27390791027113,250.0,570.3571428571404,1512.5,151.25,2754.191263282169
269,DRV_ARJUN,TRIP_010,2024-10-25 13:04:00,1560.0,-0.07163422025985985,-0.04992852610586522,9.95815439439693,39.00978882262121,54.60705187744029,0.0,normal,0.0,background,0.0,safe,0.0,,ahead,2090.43,344.5761381475663,250.0,573.7619047619023,1516.6666666666665,151.66666666666666,2756.6091051805306
270,DRV_ARJUN,TRIP_010,2024-10-25 13:05:00,1620.0,-0.015517805127692245,-0.008723036586819088,9.75741062448017,39.4970512173383,49.946640904496384,0.0,normal,0.0,background,0.0,safe,0.0,,ahead,2098.0,344.8767123287667,250.0,577.166666666664,1520.8333333333333,152.08333333333334,2759.0136986301336
271,DRV_ARJUN,TRIP_010,2024-10-25 13:06:00,1680.0,-0.04414292629356111,0.05908080721724998,9.652030092517652,35.59772445212976,52.44755475402309,0.0,normal,0.0,background,0.0,safe,0.0,,ahead,2105.57,345.1756440281026,250.0,580.5714285714257,1525.0,152.5,2761.405152224821
272,DRV_ARJUN,TRIP_010,2024-10-25 13:07:00,1740.0,0.026417688203365704,0.11845774952237288,10.015122016085034,40.63362470904507,54.85155234784148,0.0,normal,0.0,background,0.0,safe,0.0,,ahead,2113.14,345.4729466718563,250.0,583.9761904761876,1529.1666666666665,152.91666666666666,2763.78357337485
273,DRV_ARJUN,TRIP_010,2024-10-25 13:08:00,1800.0,0.05718288825284305,-0.019387528903366872,9.742987268611271,36.20480797090652,56.0169936732348,0.0,normal,0.0,background,0.0,safe,0.0,,ahead,2120.71,345.76863354037215,250.0,587.3809523809491,1533.3333333333335,153.33333333333334,2766.149068322977
274,DRV_ARJUN,TRIP_010,2024-10-25 13:09:00,1860.0,0.058422905108139855,0.10771325496149825,9.635599267416788,36.387037193996235,52.044668344327576,0.0,normal,0.0,background,0.0,safe,0.0,,ahead,2128.29,346.0627177700343,250.0,590.785714285711,1537.5,153.75,2768.5017421602743
275,DRV_ARJUN,TRIP_010,2024-10-25 13:10:00,1920.0,0.03679882172782174,0.14309539993136072,9.671478614527922,37.50321483122831,53.36877556338116,0.0,normal,0.0,background,0.0,safe,0.0,,ahead,2135.86,346.3552123552118,250.0,594.1904761904727,1541.6666666666667,154.16666666666669,2770.8416988416943
276,DRV_ARJUN,TRIP_010,2024-10-25 13:11:00,1980.0,-0.05738560814375158,-0.024593598195514686,9.885175485698522,39.14638968609085,49.544239192920564,0.0,normal,0.0,background,0.0,safe,0.0,,ahead,2143.43,346.6461301501727,250.0,597.5952380952344,1545.8333333333335,154.58333333333337,2773.169041201382
277,DRV_ARJUN,TRIP_010,2024-10-25 13:12:00,2040.0,0.0508300552202479,0.011453812103253292,9.913528537934956,42.88145464725947,51.44246456355052,0.0,normal,0.0,background,0.0,safe,0.0,,ahead,2151.0,346.9354838709671,250.0,600.9999999999964,1550.0,155.0,2775.483870967737
